company,title,location,regions,salary_min,salary_max
recruiterflow staging,"vp, sales","bangalore, karnataka","india, karnataka, bangalore",,
sks enterpprises,vp - finance,"bangalore, karnataka","india, karnataka, bangalore",,
anantaresource,vp sales,"bangalore, karnataka","india, karnataka, bangalore",2000000.0,4500000.0
unnati,vp finance,"delhi, india","india, delhi",2000000.0,2500000.0
unnati,vp - hr,"bangalore, karnataka","india, karnataka, bangalore",1200000.0,1500000.0
smart ship hub,vp of engineering,"pune, maharashtra","india, maharashtra, pune",,
unnati,vp-finance,"ahmedabad, gujarat","india, gujarat, ahmedabad",1200000.0,1500000.0
mm staffing & career consultants,vp - sales,"mumbai, maharashtra","india, maharashtra, mumbai",,
praveza consultancy private limited,vp outbound,"ahmedabad, gujarat","india, gujarat, ahmedabad",3000000.0,3000000.0
jefferies financial group,vp-sre,"pune, maharashtra","india, maharashtra, pune",,
recex,vp - banking,"kolkata, west bengal","india, west bengal, kolkata",,
hsbc,vp - procurement,"chennai, tamil nadu","india, tamil nadu, chennai",,
qrata,vp product,"pune, maharashtra","india, maharashtra, pune",3500000.0,6000000.0
iqlect,vp of sales,"bangalore, karnataka","india, karnataka, bangalore",3000000.0,5000000.0
oravel stays private,vp sales,"delhi, india","india, delhi",,
qrata,vp marketing,"bangalore, karnataka","india, karnataka, bangalore",4000000.0,6000000.0
qrata,vp of technology,"mumbai, maharashtra","india, maharashtra, mumbai",,
amit global solution,vp hr,"pune, maharashtra","india, maharashtra, pune",1800000.0,2400000.0
qrata,vp marketing,"delhi, india","india, delhi",2000000.0,4000000.0
helpnow,vp of technology,"mumbai, maharashtra","india, maharashtra, mumbai",1200000.0,2400000.0
multi recruit,vp- finance,"bangalore, karnataka","india, karnataka, bangalore",3000000.0,3500000.0
omic healthcare,vp engineering,"mumbai, maharashtra","india, maharashtra, mumbai",600000.0,1800000.0
career one stop,vp-sales,"noida, ghaziabad","india, uttar pradesh, ghaziabad, noida",2000000.0,4000000.0
taskus,vp hr,"gurgaon, haryana","india, haryana, gurgaon",,
barclays,vp - cmp,india,india,,
mufg global service ,vp - accounting,"bangalore, karnataka","india, karnataka, bangalore",,
dhruv corporate hr solutions,vp finance,"ahmedabad, gujarat","india, gujarat, ahmedabad",,
hirestar job bank,vp sales,"kochi, ernakulam","india, kerala, ernakulam, kochi",2400000.0,3000000.0
capwise financial services,vp / senior vp - debt capital market,"mumbai, maharashtra","india, maharashtra, mumbai",,
belhem india pvt ltd,personal assistant to vp,"banashankari, bangalore","india, karnataka, bangalore, banashankari",400000.0,500000.0
vrinda international,vp – sales (diagnostics),"jaipur, rajasthan","india, rajasthan, jaipur",1300000.0,1700000.0
weekday ai,avp / vp sales,india,india,,
weekday ai,avp / vp sales,india,india,,
mbr partners,vp sales - africa,india,india,,
forte recruitment consultants,vp marketing (it),"kochi, ernakulam","india, kerala, ernakulam, kochi",3000000.0,3500000.0
helpnow,vp of aggregation - india,"mumbai, maharashtra","india, maharashtra, mumbai",700000.0,1200000.0
photon group,vp technical sales,india,india,,
recex,vp-sales diagnostics,"delhi, india","india, delhi",,
qrata,vp - wealth management,"bangalore, karnataka","india, karnataka, bangalore",1200000.0,2500000.0
hsbc,vp change analyst,"bangalore, karnataka","india, karnataka, bangalore",,
vinayak outsourcing works,vp - (power plant ),"visakhapatnam, andhra pradesh","india, andhra pradesh, visakhapatnam",,
dpdgroup,vp enterprise sales,india,india,,
barclays,vp decision analyst,"noida, ghaziabad","india, uttar pradesh, ghaziabad, noida",,
recex,vp-sales & diagnostics,"delhi, india","india, delhi",,
talent hr networks private limited,vp of java development,"pune, maharashtra","india, maharashtra, pune",,
sks enterpprises,vp - investment banking,india,india,,
deutsche bank,vp - scrum master,"pune, maharashtra","india, maharashtra, pune",,
recex,accounts receivables vp,"mumbai, maharashtra","india, maharashtra, mumbai",,
myoperator - voicetree technologies,vp-lead engineer,india,india,3500000.0,4500000.0
unnati,vp demand generation,"delhi, india","india, delhi",2000000.0,6000000.0
hunarstreet technologies pvt ltd,vp sponsership sales,"delhi, india","india, delhi",1000000.0,1500000.0
unnati,regional vp - lending,"delhi, india","india, delhi",600000.0,1500000.0
alliancebernstein lp,vp vendor management,"pune, maharashtra","india, maharashtra, pune",,
weekday ai,avp / vp sales,"pune, maharashtra","india, maharashtra, pune",,
qrata,avp/vp sales,"mumbai, maharashtra","india, maharashtra, mumbai",,
corrohealth,vp rcm operations,"noida, ghaziabad","india, uttar pradesh, ghaziabad, noida",,
deutsche bank,"origination coverage, vp",india,india,,
deutsche bank,"risk lead, vp",india,india,,
deutsche bank,"operations expert, vp",india,india,,
deutsche bank,"lead engineer, vp",india,india,,
barclays,engineering lead -vp,india,india,,
easyship,vp of client services,"bangalore, karnataka","india, karnataka, bangalore",,
mufg global service ,vp - ifrs controllership,"bangalore, karnataka","india, karnataka, bangalore",,
deutsche bank,"lead engineer, vp",india,india,,
barclays,vp regulatory oversight,india,india,,
barclays,business analyst-vp,india,india,,
deutsche bank ag,product owner vp,india,india,,
deutsche bank,"vp,csg credit",india,india,,
deutsche bank,"senior engineer, vp","pune, maharashtra","india, maharashtra, pune",,
deutsche bank,"product owner, vp",india,india,,
4s advisory,vp - wealth management,"chennai, tamil nadu","india, tamil nadu, chennai",,
4s advisory,vp - wealth management,"chennai, tamil nadu","india, tamil nadu, chennai",,
barclays,vp - data designer,"pune, maharashtra","india, maharashtra, pune",,
deutsche bank,"lead engineer, vp","pune, maharashtra","india, maharashtra, pune",,
barclays,vp financial control,india,india,,
natwest group,"principal engineer, vp","bangalore, karnataka","india, karnataka, bangalore",,
black turtle,vp- private banker,"bangalore, karnataka","india, karnataka, bangalore",,
msci inc.,vp - platform engineer,"goregaon east, mumbai","india, maharashtra, mumbai, goregaon east",,
staffice global private limited,vp domestic sales,"kolkata, west bengal","india, west bengal, kolkata",,
deutsche bank,"vp, senior engineer","bangalore, karnataka","india, karnataka, bangalore",,
quick turtle,vp/ avp / manager,"kolkata, west bengal","india, west bengal, kolkata",,
quick turtle,vp/ avp / manager,"chennai, tamil nadu","india, tamil nadu, chennai",,
quick turtle,vp/ avp / manager,"vadodara, gujarat","india, gujarat, vadodara",,
deutsche bank,"product owner, vp","pune, maharashtra","india, maharashtra, pune",,
deutsche bank,"vp, senior engineer","mumbai, maharashtra","india, maharashtra, mumbai",,
standard chartered bank,vp- automation testing,"bangalore, karnataka","india, karnataka, bangalore",,
natwest group,"devops engineer, vp","bangalore, karnataka","india, karnataka, bangalore",,
natwest group,"software engineer, vp","gurgaon, haryana","india, haryana, gurgaon",,
natwest digitalx,"software engineer, vp","bangalore, karnataka","india, karnataka, bangalore",,
natwest digitalx,"scrum master, vp","gurgaon, haryana","india, haryana, gurgaon",,
natwest digitalx,"software engineer, vp","chennai, tamil nadu","india, tamil nadu, chennai",,
natwest digitalx,"principal engineer, vp","gurgaon, haryana","india, haryana, gurgaon",,
natwest digitalx,"solution architect, vp","gurgaon, haryana","india, haryana, gurgaon",,
natwest group,"software engineer, vp","gurgaon, haryana","india, haryana, gurgaon",,
deutsche bank,vp - product owner,"pune, maharashtra","india, maharashtra, pune",,
standard chartered bank,vp- automation testing,"chennai, tamil nadu","india, tamil nadu, chennai",,
hdfc life,vp- governance dppm,"mumbai, maharashtra","india, maharashtra, mumbai",,
natwest digitalx,"software engineer, vp","chennai, tamil nadu","india, tamil nadu, chennai",,
natwest digitalx,"testing manager, vp","gurgaon, haryana","india, haryana, gurgaon",,
natwest digitalx,devops engineer - vp,"bangalore, karnataka","india, karnataka, bangalore",,
natwest digitalx,"scrum master, vp","bangalore, karnataka","india, karnataka, bangalore",,
natwest group,"data analyst, vp","gurgaon, haryana","india, haryana, gurgaon",,
natwest digitalx,"solution architect, vp","chennai, tamil nadu","india, tamil nadu, chennai",,
natwest digitalx,"enterprise architect, vp","bangalore, karnataka","india, karnataka, bangalore",,
natwest digitalx,"software engineer, vp","bangalore, karnataka","india, karnataka, bangalore",,
natwest digitalx,"tooling engineer, vp","bangalore, karnataka","india, karnataka, bangalore",,
natwest digitalx,"scrum master, vp","gurgaon, haryana","india, haryana, gurgaon",,
natwest group,"production manager, vp","gurgaon, haryana","india, haryana, gurgaon",,
natwest digitalx,"principal engineer, vp","bangalore, karnataka","india, karnataka, bangalore",,
natwest digitalx,"software engineer, vp","gurgaon, haryana","india, haryana, gurgaon",,
natwest digitalx,"business analyst, vp","chennai, tamil nadu","india, tamil nadu, chennai",,
natwest digitalx,"software engineer, vp","gurgaon, haryana","india, haryana, gurgaon",,
natwest digitalx,"development manager, vp","bangalore, karnataka","india, karnataka, bangalore",,
natwest digitalx,"testing manager, vp","chennai, tamil nadu","india, tamil nadu, chennai",,
natwest group,"data scientist, vp","gurgaon, haryana","india, haryana, gurgaon",,
natwest group,"principal engineer, vp","chennai, tamil nadu","india, tamil nadu, chennai",,
natwest group,"data scientist, vp","gurgaon, haryana","india, haryana, gurgaon",,
natwest group,"data engineer, vp","gurgaon, haryana","india, haryana, gurgaon",,
natwest group,"software engineer, vp","gurgaon, haryana","india, haryana, gurgaon",,
natwest group,"principal engineer, vp","bangalore, karnataka","india, karnataka, bangalore",,
natwest group,"data scientist, vp","gurgaon, haryana","india, haryana, gurgaon",,
natwest group,"service manager, vp","bangalore, karnataka","india, karnataka, bangalore",,
natwest group,"principal engineer, vp","bangalore, karnataka","india, karnataka, bangalore",,
natwest group,"data scientist, vp","bangalore, karnataka","india, karnataka, bangalore",,
natwest group,"data analyst, vp","bangalore, karnataka","india, karnataka, bangalore",,
natwest digitalx,"scrum master, vp","gurgaon, haryana","india, haryana, gurgaon",,
natwest digitalx,"solution architect, vp","bangalore, karnataka","india, karnataka, bangalore",,
natwest group,"data scientist, vp","gurgaon, haryana","india, haryana, gurgaon",,
natwest group,"portfolio manager, vp","gurgaon, haryana","india, haryana, gurgaon",,
natwest digitalx,"data scientist, vp","bangalore, karnataka","india, karnataka, bangalore",,
natwest digitalx,"data scientist, vp","gurgaon, haryana","india, haryana, gurgaon",,
natwest digitalx,"devops engineer, vp","chennai, tamil nadu","india, tamil nadu, chennai",,
natwest digitalx,"principal engineer, vp","chennai, tamil nadu","india, tamil nadu, chennai",,
natwest digitalx,"testing manager, vp","bangalore, karnataka","india, karnataka, bangalore",,
natwest digitalx,"quality manager, vp","gurgaon, haryana","india, haryana, gurgaon",,
natwest digitalx,"devops engineer, vp","bangalore, karnataka","india, karnataka, bangalore",,
natwest digitalx,"scrum master, vp","bangalore, karnataka","india, karnataka, bangalore",,
natwest digitalx,"business analyst, vp","bangalore, karnataka","india, karnataka, bangalore",,
natwest digitalx,"business analyst, vp","gurgaon, haryana","india, haryana, gurgaon",,
natwest digitalx,"scrum master, vp","chennai, tamil nadu","india, tamil nadu, chennai",,
deutsche bank,vp – risk and trading,india,india,,
qrata,dvp/vp product,"mumbai, maharashtra","india, maharashtra, mumbai",2000000.0,4000000.0
unnati,vp - business correspondent,"delhi, india","india, delhi",3500000.0,4000000.0
barclays,vp pega lead,india,india,,
yugabytedb,"vp - sales, india",india,india,,
mufg global service ,vp - vendor management,"hyderabad, telangana","india, telangana, hyderabad",,
natwest group,"software engineer, vp","bangalore, karnataka","india, karnataka, bangalore",,
barclays,vp solutions architect,"pune, maharashtra","india, maharashtra, pune",,
m&g global services,vp - data engineering,"pune, maharashtra","india, maharashtra, pune",,
citigroup,"automation tester, vp","chennai, tamil nadu","india, tamil nadu, chennai",,
wells fargo,vp- project manager,"bangalore, karnataka","india, karnataka, bangalore",,
wells fargo,vp- project manager,"bangalore, karnataka","india, karnataka, bangalore",,
benovymed healthcare,vp / regional manager,"surat, gujarat","india, gujarat, surat",,
jpmorganchase,product development - vp,"bangalore, karnataka","india, karnataka, bangalore",,
wells fargo bank,vp- project manager,"bangalore, karnataka","india, karnataka, bangalore",,
whitecrow,vp - payment analytics,"hyderabad, telangana","india, telangana, hyderabad",,
wells fargo bank,vp- project manager,"bangalore, karnataka","india, karnataka, bangalore",,
wells fargo bank,delivery coordinator- vp,"bangalore, karnataka","india, karnataka, bangalore",,
selby jennings singapore,"vp/director, finance controller","hyderabad, telangana","india, telangana, hyderabad",,
arena investors i quaestor advisors,asset management - vp/avp,india,india,,
sks enterpprises,avp/vp - investment banking,"bangalore, karnataka","india, karnataka, bangalore",,
scremer,vp â business development,"hyderabad, telangana","india, telangana, hyderabad",1000000.0,2000000.0
deutsche bank,"pb germany operations, vp",india,india,,
barclays,java tech lead-vp,india,india,,
clootrack,vp - business development & sales,india,india,3500000.0,5500000.0
talent leads consultants,"vp and company secretary, mumbai","mumbai, maharashtra","india, maharashtra, mumbai",,
people first consultants,vp - payments technology support,"chennai, tamil nadu","india, tamil nadu, chennai",,
simplifin,vp engineering (potential unicorn),"bangalore, karnataka","india, karnataka, bangalore",2000000.0,5000000.0
unnati,vp (it technology- android),"delhi, india","india, delhi",1200000.0,1500000.0
unnati,vp (it technology - .net),"delhi, india","india, delhi",1200000.0,1500000.0
vinayak outsourcing works,gm/ vp hr (gujrat),india,india,,
barclays,lead backend engineer -vp,india,india,,
deutsche bank,"lead engineer frontend, vp",india,india,,
barclays,vp | simplification & resilience-2,india,india,,
unnati,vp digital marketing and design,"delhi, india","india, delhi",600000.0,1500000.0
unnati,vp- mfis(microfinance institutes),"delhi, india","india, delhi",1200000.0,1500000.0
barclays,vp – front-end/ui,india,india,,
barclays,data modeler/architect - vp,india,india,,
ukg,"vp, software engineering - wfm","noida, ghaziabad","india, uttar pradesh, ghaziabad, noida",,
deutsche bank,"jasper report developer, vp",india,india,,
synchrony financial,vp agile program manager,india,india,,
deutsche bank,tfl – trade transition – vp,india,india,,
deutsche bank,"digital liquidity services, vp",india,india,,
deutsche bank,"senior cloud engineer, vp",india,india,,
barclays,engineering lead java-vp,india,india,,
barclays,ai engineering lead-vp,india,india,,
deutsche bank,"senior principal auditor, vp",india,india,,
hsbc,vp remote tools and solutions,"bangalore, karnataka","india, karnataka, bangalore",,
exl,vp - f&a operations and solutions,"bangalore, karnataka","india, karnataka, bangalore",,
deutsche bank,"vendor management lead, vp","pune, maharashtra","india, maharashtra, pune",,
deutsche bank,"employee compliance officer, vp","pune, maharashtra","india, maharashtra, pune",,
deutsche bank,"business functional analyst, vp","bangalore, karnataka","india, karnataka, bangalore",,
deutsche bank,"lead technology engineer, vp","pune, maharashtra","india, maharashtra, pune",,
deutsche bank,"employee compliance officer, vp","bangalore, karnataka","india, karnataka, bangalore",,
deutsche bank,"technical product manager, vp","bangalore, karnataka","india, karnataka, bangalore",,
deutsche bank,"india coverage banker, vp","bangalore, karnataka","india, karnataka, bangalore",,
smartcoin,avp /vp risk policy,"bangalore, karnataka","india, karnataka, bangalore",2000000.0,8000000.0
deutsche bank,"lead engineer ipp, vp",india,india,,
unlimit,vp/manager - banking alliances,india,india,,
natwest group,"risk & controls manager, vp","bangalore, karnataka","india, karnataka, bangalore",,
natwest digitalx,"quality automation specialist, vp","bangalore, karnataka","india, karnataka, bangalore",,
natwest digitalx,"principal engineer, java, vp","bangalore, karnataka","india, karnataka, bangalore",,
natwest group,"quality automation specialist, vp","bangalore, karnataka","india, karnataka, bangalore",,
natwest group,"quality automation specialist, vp","gurgaon, haryana","india, haryana, gurgaon",,
natwest digitalx,"etrading oversight manager, vp","bangalore, karnataka","india, karnataka, bangalore",,
natwest digitalx,"software engineer, pyspark, vp","chennai, tamil nadu","india, tamil nadu, chennai",,
natwest digitalx,"etrading oversight manager, vp","gurgaon, haryana","india, haryana, gurgaon",,
natwest digitalx,"business controls partner, vp","bangalore, karnataka","india, karnataka, bangalore",,
natwest digitalx,"cobol software engineer, vp","chennai, tamil nadu","india, tamil nadu, chennai",,
natwest digitalx,"software engineer, pyspark, vp","gurgaon, haryana","india, haryana, gurgaon",,
natwest digitalx,"devops cloud engineer, vp","gurgaon, haryana","india, haryana, gurgaon",,
natwest digitalx,"business controls partner, vp","gurgaon, haryana","india, haryana, gurgaon",,
natwest group,"avaloq software engineer, vp","bangalore, karnataka","india, karnataka, bangalore",,
natwest group,"avaloq software engineer, vp","gurgaon, haryana","india, haryana, gurgaon",,
natwest group,"java software engineer, vp","chennai, tamil nadu","india, tamil nadu, chennai",,
natwest group,"quality automation specialist, vp","chennai, tamil nadu","india, tamil nadu, chennai",,
natwest group,"principal engineer, pyspark, vp","gurgaon, haryana","india, haryana, gurgaon",,
natwest group,"release train manager, vp","chennai, tamil nadu","india, tamil nadu, chennai",,
natwest group,"java software engineer, vp","bangalore, karnataka","india, karnataka, bangalore",,
natwest group,"infrastructure engineer, vp (sqldba)","bangalore, karnataka","india, karnataka, bangalore",,
natwest group,"production management specialist, vp","bangalore, karnataka","india, karnataka, bangalore",,
natwest group,"infrastructure engineer, vp (citrix)","bangalore, karnataka","india, karnataka, bangalore",,
natwest group,"release train manager, vp","gurgaon, haryana","india, haryana, gurgaon",,
natwest group,"learning & development facilitator, vp","bangalore, karnataka","india, karnataka, bangalore",,
natwest group,"data & analytics manager, vp","gurgaon, haryana","india, haryana, gurgaon",,
natwest group,"release train manager, vp","chennai, tamil nadu","india, tamil nadu, chennai",,
natwest group,"quantitative development lead, vp","bangalore, karnataka","india, karnataka, bangalore",,
natwest group,"avaloq software engineer,vp","bangalore, karnataka","india, karnataka, bangalore",,
natwest group,"infrastructure engineer, vp (windows)","bangalore, karnataka","india, karnataka, bangalore",,
natwest group,"ai data engineer, vp","bangalore, karnataka","india, karnataka, bangalore",,
natwest group,"data & analytics manager, vp","bangalore, karnataka","india, karnataka, bangalore",,
natwest digitalx,"devops cloud engineer, vp","bangalore, karnataka","india, karnataka, bangalore",,
natwest digitalx,"software engineer, pyspark, vp","bangalore, karnataka","india, karnataka, bangalore",,
natwest digitalx,"quality automation specialist, vp","gurgaon, haryana","india, haryana, gurgaon",,
natwest digitalx,"business controls partner, vp","chennai, tamil nadu","india, tamil nadu, chennai",,
natwest digitalx,"cobol software engineer, vp","bangalore, karnataka","india, karnataka, bangalore",,
natwest digitalx,"risk & controls manager, vp","gurgaon, haryana","india, haryana, gurgaon",,
natwest digitalx,"quality automation specialist, vp","chennai, tamil nadu","india, tamil nadu, chennai",,
natwest digitalx,"principal engineer, java, vp","gurgaon, haryana","india, haryana, gurgaon",,
barclays,senior technology lead - vp,india,india,,
velocity services,avp / vp - debt partnerships,"bangalore, karnataka","india, karnataka, bangalore",3000000.0,5000000.0
talent pro,vp wealth manager (hni),"bangalore, karnataka","india, karnataka, bangalore",3000000.0,4500000.0
asterion,vp - lead data analyst,india,india,,
natwest group,"etrading oversight manager, vp","bangalore, karnataka","india, karnataka, bangalore",,
jpmorganchase,vp-rm&c cdo,"bangalore, karnataka","india, karnataka, bangalore",,
arena investors i quaestor advisors,asset management - vp/avp,"bangalore, karnataka","india, karnataka, bangalore",,
mufg global service ,vp legal & company secretary,"bangalore, karnataka","india, karnataka, bangalore",,
mufg global service ,vp-business analyst sme,"bangalore, karnataka","india, karnataka, bangalore",,
deutsche bank,"senior java engineer, vp",india,india,,
deutsche bank,"pmo & change manager, vp",india,india,,
whitecrow,"vp, senior audit manager","hyderabad, telangana","india, telangana, hyderabad",,
barclays,assistant vp - global markets,"mumbai, maharashtra","india, maharashtra, mumbai",,
jp morgan,lead credit officer -vp,"mumbai, maharashtra","india, maharashtra, mumbai",,
barclays,assistant vp - global markets,"pune, maharashtra","india, maharashtra, pune",,
jpmorganchase,wholesale credit grading -vp,"mumbai, maharashtra","india, maharashtra, mumbai",,
bnp paribas,vp - financial accounting and reporting,"mumbai, maharashtra","india, maharashtra, mumbai",,
nameless,python software engineer vp,india,india,,
whitecrow,"vp, iam assurance leader","hyderabad, telangana","india, telangana, hyderabad",,
kaapro management solutions,vp/ gm corporate security,"surat, gujarat","india, gujarat, surat",,
acura solution,vp analytics and data science,"bangalore, karnataka","india, karnataka, bangalore",,
tableau software,"vp, software engineering, industries","bangalore, karnataka","india, karnataka, bangalore",,
recex,head of supply chain-vp,"bhopal, madhya pradesh","india, madhya pradesh, bhopal",,
vinayak outsourcing works,vp / head - power plant,"raipur, chhattisgarh","india, chhattisgarh, raipur",,
vinayak outsourcing works,vp finance & commercial - raigarh,"raigarh, chhattisgarh","india, chhattisgarh, raigarh",,
talent leads consultants,"head (vp/ sr vp)- private equity and business development group, mumbai","mumbai, maharashtra","india, maharashtra, mumbai",,
sago,avp/ vp- project management operations,india,india,,
vinayak outsourcing works,gm / vp - pipe plant - raipur,india,india,,
snaphyr,vp â enterprise business development,india,india,2000000.0,7000000.0
nomura,fin_cst mgmt & analytics_vp,"mumbai, maharashtra","india, maharashtra, mumbai",,
quick turtle,vp/ avp / bm nri desk,"thiruvananthapuram, kerala","india, kerala, thiruvananthapuram",,
quick turtle,vp/ avp / bm nri desk,"kolkata, west bengal","india, west bengal, kolkata",,
quick turtle,vp/ avp / bm nri desk,"pune, maharashtra","india, maharashtra, pune",,
quick turtle,vp/ avp / bm nri desk,"vadodara, gujarat","india, gujarat, vadodara",,
sks enterpprises,vp engineering / cto / director of engineering,india,india,,
deutsche bank,"fic issuance rates & credit, vp","pune, maharashtra","india, maharashtra, pune",,
quick turtle,vp/ avp/ relationship manager - pcg,"vadodara, gujarat","india, gujarat, vadodara",,
quick turtle,vp/ avp/ relationship manager - pcg,"pune, maharashtra","india, maharashtra, pune",,
quick turtle,vp/ avp/ relationship manager - pcg,"jaipur, rajasthan","india, rajasthan, jaipur",,
quick turtle,vp/ avp/ relationship manager - pcg,"kolkata, west bengal","india, west bengal, kolkata",,
unnati,vp (it technology- web site),"delhi, india","india, delhi",1200000.0,1500000.0
quick turtle,"vp / avp / manager , pcg advisory","pune, maharashtra","india, maharashtra, pune",,
quick turtle,"vp / avp / manager , pcg advisory","kolkata, west bengal","india, west bengal, kolkata",,
quick turtle,"vp / avp / manager , pcg advisory","vadodara, gujarat","india, gujarat, vadodara",,
quick turtle,"vp / avp / manager , pcg advisory","ahmedabad, gujarat","india, gujarat, ahmedabad",,
unnati,vp- channel sales (business correspondents),"delhi, india","india, delhi",1200000.0,1500000.0
unnati,software engineer vp front end,"delhi, india","india, delhi",1200000.0,3000000.0
barclays,senior java software engineer -vp,india,india,,
tripoto,vp engineering/cto - microservices architecture,"delhi, india","india, delhi",4000000.0,6000000.0
deutsche bank,"mainframe platform technology specialist, vp",india,india,,
innefu labs pvt,vp - engineering/technical product head,"delhi, india","india, delhi",1500000.0,3000000.0
deutsche bank,"technology operations lead - mainframe, vp",india,india,,
deutsche bank,"senior java engineer eis, vp",india,india,,
deutsche bank,"engineering lead - data infrastructure, vp",india,india,,
dnv,"vp engineering & managing director, india","chennai, tamil nadu","india, tamil nadu, chennai",,
deutsche bank,"lead engineer – gcp engineer, vp",india,india,,
deutsche bank,"alternative investments technology scrummaster, vp",india,india,,
hsbc,"vp, premier plus relationship manager","pune, maharashtra","india, maharashtra, pune",,
deutsche bank,"process optimisation (branch banking) , vp",india,india,,
hsbc,vp premier elite relationship manager,"mumbai, maharashtra","india, maharashtra, mumbai",,
barclays,ifc - lead business analyst-vp,india,india,,
wells fargo,"audit manager, vp - innovation & analytics","hyderabad, telangana","india, telangana, hyderabad",,
mufg global service ,vp - sox first line of control,"bangalore, karnataka","india, karnataka, bangalore",,
hsbc,vp - global indian premier rm,"new delhi, delhi","india, delhi, new delhi",,
blackrock,"vp, ai data engineering lead","richmond town, bangalore","india, karnataka, bangalore, richmond town",,
citigroup,product management senior manager - vp,"chennai, tamil nadu","india, tamil nadu, chennai",,
synchrony financial,vp senior audit manager operations,india,india,,
societe generale maroc,vp private equity venture capital,india,india,,
deutsche bank,"technology operations specialist sre, vp","pune, maharashtra","india, maharashtra, pune",,
deutsche bank,"transformation risk and control lead, vp","bangalore, karnataka","india, karnataka, bangalore",,
deutsche bank,"lead business functional analyst, vp","pune, maharashtra","india, maharashtra, pune",,
deutsche bank,"fcrc m&a findings lead, vp","bangalore, karnataka","india, karnataka, bangalore",,
nomura,fin_grp fin cntrl_vp,"mumbai, maharashtra","india, maharashtra, mumbai",,
barclays,"wholesale ifrs9 & irb validation, vp","noida, ghaziabad","india, uttar pradesh, ghaziabad, noida",,
goldman sachs,vp -software engineering - cloud platform,"bangalore, karnataka","india, karnataka, bangalore",,
deutsche bank,"it application owner specialist, vp","pune, maharashtra","india, maharashtra, pune",,
black turtle,senior vp talent acquisition head,"pune, maharashtra","india, maharashtra, pune",,
black turtle,senior vp talent acquisition head,"jaipur, rajasthan","india, rajasthan, jaipur",,
deutsche bank,"project & change execution manager, vp","mumbai, maharashtra","india, maharashtra, mumbai",,
deutsche bank,"ict client sales manager, vp","mumbai, maharashtra","india, maharashtra, mumbai",,
quick turtle,svp/vp/ avp/ relationship managers,"pune, maharashtra","india, maharashtra, pune",,
quick turtle,svp/vp/ avp/ relationship managers,"bangalore, karnataka","india, karnataka, bangalore",,
natwest digitalx,"supply chain delivery manager, vp","chennai, tamil nadu","india, tamil nadu, chennai",,
natwest digitalx,supply chain delivery manager - vp,"gurgaon, haryana","india, haryana, gurgaon",,
natwest digitalx,"software engineer, unix and bpmn, vp","gurgaon, haryana","india, haryana, gurgaon",,
natwest group,"sox & sao relationship manager, vp","gurgaon, haryana","india, haryana, gurgaon",,
deutsche bank,"financial and regulatory reporting specialist, vp",india,india,,
expertiz,urgent opening for vp/avp- sales,"delhi, india","india, delhi",,
natwest group,"infrastructure engineer, vp (oracle dba)","bangalore, karnataka","india, karnataka, bangalore",,
natwest digitalx,"supply chain delivery manager, vp","gurgaon, haryana","india, haryana, gurgaon",,
talent pro,vp - data architect (b2b saas),"delhi, india","india, delhi",100.0,150.0
peak hire solutions,vp - data architect (b2b saas),"delhi, india","india, delhi",105.0,140.0
sks enterpprises,principal | vp | director - buy side,"mumbai, maharashtra","india, maharashtra, mumbai",,
talent pro,vp â human resources (hr,"hyderabad, telangana","india, telangana, hyderabad",3000000.0,4200000.0
bank,java backend engineer avp vp,india,india,,
quick turtle,svp/vp/ avp/ relationship managers,"jaipur, rajasthan","india, rajasthan, jaipur",,
asterion,vp-wow software engineer avaloq,"bangalore, karnataka","india, karnataka, bangalore",,
citigroup,vp - data science & gen ai,"bangalore, karnataka","india, karnataka, bangalore",,
citigroup,vp- custody tax product manager,"pune, maharashtra","india, maharashtra, pune",,
jefferies financial group,vp-platform reliability engineer(sre),"mumbai, maharashtra","india, maharashtra, mumbai",,
citigroup,apps development sr manager vp,"pune, maharashtra","india, maharashtra, pune",,
alliancebernstein lp,vp/enterprise system management manager,"pune, maharashtra","india, maharashtra, pune",,
deutsche bank,"senior (techno functional) engineer, vp","pune, maharashtra","india, maharashtra, pune",,
vinayak outsourcing works,sr. vp - dri / power (tilda),"tilda, raipur","india, chhattisgarh, raipur, tilda",,
vinayak outsourcing works,gm/vp - power plant (durg),"durg, chhattisgarh","india, chhattisgarh, durg",,
jpmorganchase,vp - wholesale portfolio analytics - grading,"mumbai, maharashtra","india, maharashtra, mumbai",,
deutsche bank,"project & change execution manager, vp",india,india,,
talent leads consultants,avp/ vp digital transformation for mumbai,"mumbai, maharashtra","india, maharashtra, mumbai",,
2070health,vp finance- hiring for our portfolio company,india,india,,
kaapro management solutions,urgent opening vp – sales (diagnostics) -jaipur,"jaipur, rajasthan","india, rajasthan, jaipur",,
vinayak outsourcing works,"vp commercial for steel manufacturing-asansol,westbengal","asansol, bardhaman","india, west bengal, bardhaman, asansol",,
quick turtle,svp / vp / avp/ relationship managers - pcg,"vadodara, gujarat","india, gujarat, vadodara",,
quick turtle,svp / vp / avp/ relationship managers - pcg,"pune, maharashtra","india, maharashtra, pune",,
quick turtle,svp / vp / avp/ relationship managers - pcg,"kolkata, west bengal","india, west bengal, kolkata",,
quick turtle,svp / vp / avp/ relationship managers - pcg,"jaipur, rajasthan","india, rajasthan, jaipur",,
deutsche bank,"software engineer, fic sales technology, vp",india,india,,
deutsche bank,"full stack engineer for audit confirmations, vp",india,india,,
synchrony,"vp, senior audit manager – technology (l12)","kolkata, west bengal","india, west bengal, kolkata",,
acura solution,deutsche bank / operation head - vp / pune,"pune, maharashtra","india, maharashtra, pune",,
people first consultants,vp product - payment platform - sm level,"hyderabad, telangana","india, telangana, hyderabad",,
deutsche bank,"client-facing product & solutions specialist, vp",india,india,,
dws,"senior risk manager, uk erm, vp",india,india,,
dws,"senior risk manager - nfrm adherence, vp",india,india,,
barclays,vp product owner - liquidity management platform,india,india,,
barclays,"vp payments and collections, regional product manager",india,india,,
deutsche bank,"senior technical lead – service operations, vp",india,india,,
deutsche bank,ai python full stack engineer - vp,india,india,,
danaher,"vp & general manager – diagnostics platform, india",india,india,,
deutsche bank,"regional travel manager asia pacific, vp","mumbai, maharashtra","india, maharashtra, mumbai",,
deutsche bank,"divisional risk & control specialist cb, vp","mumbai, maharashtra","india, maharashtra, mumbai",,
yes bank limited,vp/avp/sm – information security audit,"navi mumbai, maharashtra","india, maharashtra, navi mumbai",,
jefferies financial group,senior aws developer - risk technology - vp,"pune, maharashtra","india, maharashtra, pune",,
quick turtle,svp / vp / avp / relationship managers - pcg,"kolkata, west bengal","india, west bengal, kolkata",,
quick turtle,svp / vp / avp / relationship managers - pcg,"vadodara, gujarat","india, gujarat, vadodara",,
quick turtle,svp / vp / avp / relationship managers - pcg,"pune, maharashtra","india, maharashtra, pune",,
quick turtle,svp / vp / avp / relationship managers - pcg,"jaipur, rajasthan","india, rajasthan, jaipur",,
quick turtle,vp / avp nri desk / equity broking,"ernakulam, kerala","india, kerala, ernakulam",,
quick turtle,vp / avp / branch manager - nri desk,"vadodara, gujarat","india, gujarat, vadodara",,
quick turtle,vp / avp / branch manager - nri desk,"thiruvananthapuram, kerala","india, kerala, thiruvananthapuram",,
quick turtle,vp / avp / branch manager - nri desk,"kolkata, west bengal","india, west bengal, kolkata",,
natwest group,"customer service & operations unit leader, vp","gurgaon, haryana","india, haryana, gurgaon",,
houlihan lokey,vp- digital value creation-tas india,india,india,,
quick turtle,vp / avp nri desk / equity broking,"pune, maharashtra","india, maharashtra, pune",,
quick turtle,vp / avp nri desk / equity broking,"thiruvananthapuram, kerala","india, kerala, thiruvananthapuram",,
quick turtle,vp / avp nri desk / equity broking,"delhi, india","india, delhi",,
quick turtle,vp / avp / branch manager - nri desk,"pune, maharashtra","india, maharashtra, pune",,
danaher corporation,"vp & general manager - diagnostics platform, india","mumbai, maharashtra","india, maharashtra, mumbai",,
citigroup,senior vp - data science & gen ai,"pune, maharashtra","india, maharashtra, pune",,
citigroup,avp/vp-data/information management analyst,"bangalore, karnataka","india, karnataka, bangalore",,
citigroup,vp - supply chain - sourcing lead analyst,"chennai, tamil nadu","india, tamil nadu, chennai",,
citigroup,vp- business analyst- data privacy & compliance,"mumbai, maharashtra","india, maharashtra, mumbai",,
goldman sachs,engineering division - lex platform - vp- bengaluru,"bangalore, karnataka","india, karnataka, bangalore",,
i4 consulting : reimagining hr blueprints,"avp/vp tech alliances, it infrastructure","bangalore, karnataka","india, karnataka, bangalore",,
deutsche bank,"senior risk manager, uk erm, vp","pune, maharashtra","india, maharashtra, pune",,
aqr india,engineering - quant research development - pi- vp,"bangalore, karnataka","india, karnataka, bangalore",,
citigroup,vp- custody product manager -data & ai,"pune, maharashtra","india, maharashtra, pune",,
houlihan lokey,vp- structured products (portfolio valuation) india,"mumbai, maharashtra","india, maharashtra, mumbai",,
dws,"fund accounting & reporting (us support), vp",india,india,,
bp,"vp customer excellence and operations, castrol india",india,india,,
dc consultants,gm/vp-commercial (scm)-infrastructure industry,"ahmedabad, gujarat","india, gujarat, ahmedabad",,
cutshort lightning,vp- react native engineering lead (84760),"pune, maharashtra","india, maharashtra, pune",,
genetic callnet,vp/senior manager/manager - retail leasing,india,india,2000000.0,7000000.0
quick turtle,"svp/vp/ avp / relationship managers , private bankers","coimbatore, tamil nadu","india, tamil nadu, coimbatore",,
quick turtle,"svp/vp/ avp / relationship managers , private bankers","kolkata, west bengal","india, west bengal, kolkata",,
quick turtle,"svp/vp/ avp / relationship managers , private bankers","pune, maharashtra","india, maharashtra, pune",,
quick turtle,"svp/vp/ avp / relationship managers , private bankers","ernakulam, kerala","india, kerala, ernakulam",,
quick turtle,"svp/vp/ avp / relationship managers , private bankers","thiruvananthapuram, kerala","india, kerala, thiruvananthapuram",,
quick turtle,"svp / vp / avp / relationship managers , private bankers","kolkata, west bengal","india, west bengal, kolkata",,
quick turtle,"svp / vp / avp / relationship managers , private bankers","pune, maharashtra","india, maharashtra, pune",,
quick turtle,"svp / vp / avp / relationship managers , private bankers","coimbatore, tamil nadu","india, tamil nadu, coimbatore",,
quick turtle,"svp / vp / avp / relationship managers , private bankers","thiruvananthapuram, kerala","india, kerala, thiruvananthapuram",,
quick turtle,"svp / vp / avp / relationship managers , private bankers","delhi, india","india, delhi",,
quick turtle,"svp / vp / avp / relationship managers , private bankers","ernakulam, kerala","india, kerala, ernakulam",,
deutsche bank,"engineer - production focussed remediation and toil reduction, vp",india,india,,
mufg global service ,vice president (vp) platform engineer - threat detection,"bangalore, karnataka","india, karnataka, bangalore",,
merito,avp / vp â institutional sales : fii desk,"mumbai, maharashtra","india, maharashtra, mumbai",2500000.0,3000000.0
recex,business head/ vp/ coo (omnichannel – d2c & retail),"kolkata, west bengal","india, west bengal, kolkata",,
hsbc,"vp - regional portfolio counsellor, iwpb- pan india","chennai, tamil nadu","india, tamil nadu, chennai",,
barclays,vp product owner - demand and deposit accounting (dda),india,india,,
state street,"risk analytics product development / data scientist, vp","bangalore, karnataka","india, karnataka, bangalore",,
jp morgan,quantitative research equity derivative modelling - associate /vp,"mumbai, maharashtra","india, maharashtra, mumbai",,
jp morgan,quantitative research equity derivative modelling - associate /vp,"mumbai, maharashtra","india, maharashtra, mumbai",,
deutsche bank,"investment risk models senior risk manager, vp","mumbai, maharashtra","india, maharashtra, mumbai",,
deutsche bank,"investment risk models senior risk manager, vp","pune, maharashtra","india, maharashtra, pune",,
quick turtle,svp/vp/ avp / relationship managers / private bankers,"thiruvananthapuram, kerala","india, kerala, thiruvananthapuram",,
quick turtle,svp/vp/ avp / relationship managers / private bankers,"pune, maharashtra","india, maharashtra, pune",,
quick turtle,svp/vp/ avp / relationship managers / private bankers,"ernakulam, kerala","india, kerala, ernakulam",,
quick turtle,svp/vp/ avp / relationship managers / private bankers,"coimbatore, tamil nadu","india, tamil nadu, coimbatore",,
aqr,engineering - python data engineering software developer- vp,"bangalore, karnataka","india, karnataka, bangalore",,
quick turtle,svp/vp/ avp / relationship managers / private bankers,"delhi, india","india, delhi",,
quick turtle,vp / avp / dvp pcg advisor - partner alliance,"thiruvananthapuram, kerala","india, kerala, thiruvananthapuram",,
quick turtle,vp / avp / dvp pcg advisor - partner alliance,"ernakulam, kerala","india, kerala, ernakulam",,
quick turtle,vp / avp / dvp pcg advisor - partner alliance,"navi mumbai, maharashtra","india, maharashtra, navi mumbai",,
quick turtle,"vp/ avp / bm- nri desk , equity broking","bangalore, karnataka","india, karnataka, bangalore",,
quick turtle,"vp/ avp / bm – nri desk, equity broking","bangalore, karnataka","india, karnataka, bangalore",,
quick turtle,"vp/ avp / bm- nri desk , equity broking","chennai, tamil nadu","india, tamil nadu, chennai",,
natwest digitalx,"customer service & operations lead, reconciliation & investigations vp","chennai, tamil nadu","india, tamil nadu, chennai",,
quick turtle,vp / avp / dvp pcg advisor - partner alliance,"thane, maharashtra","india, maharashtra, thane",,
quick turtle,vp / avp / dvp pcg advisor - partner alliance,"hyderabad, telangana","india, telangana, hyderabad",,
quick turtle,vp / avp / dvp pcg advisor - partner alliance,"pune, maharashtra","india, maharashtra, pune",,
quick turtle,vp / avp / dvp pcg advisor - partner alliance,"kolkata, west bengal","india, west bengal, kolkata",,
quick turtle,vp / avp / dvp pcg advisor - partner alliance,"vadodara, gujarat","india, gujarat, vadodara",,
quick turtle,svp/vp/ avp / relationship managers / private bankers,"kolkata, west bengal","india, west bengal, kolkata",,
natwest digitalx,"customer service & operations lead, reconciliation & investigations vp","gurgaon, haryana","india, haryana, gurgaon",,
natwest group,"business controls partner, pricing transaction and oversight, vp","bangalore, karnataka","india, karnataka, bangalore",,
deutsche bank,"document digitization/ unstructured-to-structured solutions lead, vp",india,india,,
vinayak outsourcing works,gm/vp - (raw materials for coal purchase) - raipur,"raipur, chhattisgarh","india, chhattisgarh, raipur",,
vinayak outsourcing works,vp sponge (500 tpd sponge iron ) - tilda,india,india,,
vinayak outsourcing works,"vp power for intigrated steel plant,gorakhpur ,uttarpradesh","gorakhpur, uttar pradesh","india, uttar pradesh, gorakhpur",,
talisman hr solutions,we are hiring for vp - strategy at precision manufacturing – mumbai,"mumbai, maharashtra","india, maharashtra, mumbai",,
hirestar job bank,chief operating officer (coo) / vp operations / business head,"chennai, tamil nadu","india, tamil nadu, chennai",2500000.0,4200000.0
dc consultants,vp/avp wealth manager - financial industry - mumbai (bandra),"mumbai, maharashtra","india, maharashtra, mumbai",,
mm staffing & career consultants,vp/senior solution architect/head of engineering for an it company,"chennai, tamil nadu","india, tamil nadu, chennai",,
jefferies financial group,senior java engineer (vp) – ib tech & crm/analytics,"pune, maharashtra","india, maharashtra, pune",,
quick turtle,"vp/ avp/ manager , pcg (pvt. client group) advisory","kolkata, west bengal","india, west bengal, kolkata",,
quick turtle,"vp/ avp/ manager , pcg (pvt. client group) advisory","vadodara, gujarat","india, gujarat, vadodara",,
quick turtle,"vp/ avp/ manager , pcg (pvt. client group) advisory","pune, maharashtra","india, maharashtra, pune",,
deutsche bank,senior cloud engineer – gcp – vp (ediscovery & archiving technology),india,india,,
expertiz,vp/gm/sr. manager - sales & marketing - real estate,"chennai, tamil nadu","india, tamil nadu, chennai",,
mufg global service ,"vp - finance, treasury and regulatory reporting (ftrr) internal audit","bangalore, karnataka","india, karnataka, bangalore",,
deutsche bank,"divisional risk and control regulatory and audit engagement lead, vp",india,india,,
deutsche bank,"senior python/java engineer – ai/ml platforms, vp",india,india,,
deutsche bank,"corporate bank technology – commercial banking – senior business, vp",india,india,,
deutsche bank,corporate bank technology – cash management – ai lead - vp,india,india,,
deutsche bank ag,lead qa engineer qa lead fin close vp,india,india,,
jp morgan,latin america & global families - lead credit officer vp,"mumbai, maharashtra","india, maharashtra, mumbai",,
4s advisory,senior manager/sr vp/ vice president - wealth management,"pune, maharashtra","india, maharashtra, pune",,
4s advisory,senior manager/senior vice president/vp - wealth management,"mumbai, maharashtra","india, maharashtra, mumbai",,
4s advisory,senior manager/sr vp/ vice president - wealth management,"nashik, maharashtra","india, maharashtra, nashik",,
houlihan lokey,"associate/vp, financial modelling, corporate valuation advisory services","mumbai, maharashtra","india, maharashtra, mumbai",,
deutsche bank,"corporate bank f2b ops transformation process engineer, vp","bangalore, karnataka","india, karnataka, bangalore",,
quick turtle,"vp/ avp / manager , pcg (pvt. client group) advisory","kolkata, west bengal","india, west bengal, kolkata",,
quick turtle,"vp/ avp/ manager, pcg (pvt. client group) advisory","pune, maharashtra","india, maharashtra, pune",,
quick turtle,"vp/ avp/ manager, pcg (pvt. client group) advisory","chennai, tamil nadu","india, tamil nadu, chennai",,
quick turtle,"vp/ avp / manager , pcg (pvt. client group) advisory","pune, maharashtra","india, maharashtra, pune",,
quick turtle,"vp/ avp/ manager, pcg (pvt. client group) advisory","vadodara, gujarat","india, gujarat, vadodara",,
quick turtle,"vp/ avp/ manager, pcg (pvt. client group) advisory","kolkata, west bengal","india, west bengal, kolkata",,
quick turtle,"vp/ avp / manager , pcg (pvt. client group) advisory","surat, gujarat","india, gujarat, surat",,
quick turtle,"vp/ avp / manager , pcg (pvt. client group) advisory","thiruvananthapuram, kerala","india, kerala, thiruvananthapuram",,
quick turtle,vp / avp / dvp - pcg (pvt client group) advisor,"ernakulam, kerala","india, kerala, ernakulam",,
quick turtle,vp / avp / dvp - pcg (pvt client group) advisor,"kolkata, west bengal","india, west bengal, kolkata",,
quick turtle,vp / avp / dvp - pcg (pvt client group) advisor,"ahmedabad, gujarat","india, gujarat, ahmedabad",,
quick turtle,vp / avp / dvp - pcg (pvt client group) advisor,"pune, maharashtra","india, maharashtra, pune",,
quick turtle,vp / avp / dvp - pcg (pvt client group) advisor,"thiruvananthapuram, kerala","india, kerala, thiruvananthapuram",,
citigroup,vp - quality management tax operations - client tax reporting,"chennai, tamil nadu","india, tamil nadu, chennai",,
citigroup,vp-transaction relationship manager- issuer services- agency & trust,"mumbai, maharashtra","india, maharashtra, mumbai",,
vinayak outsourcing works,gm / vp - mechanical (p.p) brown field project,"raigarh, chhattisgarh","india, chhattisgarh, raigarh",,
morgan stanley,"vp , p5, prin software eng : job level - vice president",india,india,,
"interscripts, inc.",senior director / vp – strategic alliances & partnerships (microsoft  workday healthcare),"kyasaram, hyderabad","india, telangana, hyderabad, kyasaram",,
dc consultants,vp /avp- merger and acquisition/equity fund raising- mumbai (bandra),"mumbai, maharashtra","india, maharashtra, mumbai",,
quick turtle,svp / vp / avp / relationship manager-private banker/wealth management,"pune, maharashtra","india, maharashtra, pune",,
quick turtle,svp / vp / avp / relationship manager-private banker/wealth management,"vadodara, gujarat","india, gujarat, vadodara",,
quick turtle,svp / vp / avp / relationship manager-private banker/wealth management,"jaipur, rajasthan","india, rajasthan, jaipur",,
quick turtle,svp / vp / avp / relationship manager-private banker/wealth management,"ernakulam, kerala","india, kerala, ernakulam",,
quick turtle,svp / vp / avp / relationship manager-private banker/wealth management,"thiruvananthapuram, kerala","india, kerala, thiruvananthapuram",,
quick turtle,"vp / avp / branch manager nri desk, pvt client group","kolkata, west bengal","india, west bengal, kolkata",,
quick turtle,"vp / avp / branch manager nri desk, pvt client group","pune, maharashtra","india, maharashtra, pune",,
quick turtle,"vp / avp / branch manager nri desk, pvt client group","thiruvananthapuram, kerala","india, kerala, thiruvananthapuram",,
quick turtle,"vp / avp / branch manager nri desk, pvt client group","ernakulam, kerala","india, kerala, ernakulam",,
dws,"investment risk - portfolio risk monitoring - senior risk manager, vp",india,india,,
quick turtle,svp/ vp/ avp/ relationship manager - private banker/ wealth management,"ernakulam, kerala","india, kerala, ernakulam",,
quick turtle,svp/ vp/ avp/ relationship manager - private banker/ wealth management,"bangalore, karnataka","india, karnataka, bangalore",,
quick turtle,svp/ vp/ avp/ relationship manager - private banker/ wealth management,"pune, maharashtra","india, maharashtra, pune",,
quick turtle,svp/ vp/ avp/ relationship manager - private banker/ wealth management,"thiruvananthapuram, kerala","india, kerala, thiruvananthapuram",,
quick turtle,svp/ vp/ avp/ relationship manager - private banker/ wealth management,"jaipur, rajasthan","india, rajasthan, jaipur",,
mashreq bank,"vp, head of operational risk orm_tcm and cibg - operational risk","bangalore, karnataka","india, karnataka, bangalore",,
deutsche bank,"corporate bank data services – data access control lead, vp",india,india,,
deutsche bank,"dws senior internal audit manager – group functions & apac, vp",india,india,,
synchrony international services,vp-privileged access management (pam) engineer (l12)engineer (l12),india,india,,
blackstone,vp - front office support (structured finance & commercial finance) lead,india,india,,
talent corner hr services private limited,private wealth & family office:- (senior manager/ avp/ dvp/ vp),"pune, maharashtra","india, maharashtra, pune",,
talent corner hr services private limited,private wealth & family office:- (senior manager/ avp/ dvp/ vp),"bangalore, karnataka","india, karnataka, bangalore",,
jp morgan,applied gen ai vp - wholesale credit risk quantitative research,"mumbai, maharashtra","india, maharashtra, mumbai",,
4s advisory,senior manager / sr vp / vice president - wealth management - bfsi,"pune, maharashtra","india, maharashtra, pune",,
quick turtle,svp/vp/ avp/ relationship managers- pcg (private client group),"jaipur, rajasthan","india, rajasthan, jaipur",,
quick turtle,svp/vp/ avp/ relationship managers- pcg (private client group),"vadodara, gujarat","india, gujarat, vadodara",,
quick turtle,svp/vp/ avp/ relationship managers- pcg (private client group),"ahmedabad, gujarat","india, gujarat, ahmedabad",,
the search house,"general manager/ vp - epc consulting cement, power, process industries","delhi, india","india, delhi",,
quick turtle,svp/vp/ avp/ relationship managers- pcg (private client group),"pune, maharashtra","india, maharashtra, pune",,
exl,3838958-assistant manager,"noida, ghaziabad","india, uttar pradesh, ghaziabad, noida",,
jefferies financial group,senior cloud sre/devops engineer (vp) – ib tech & crm/analytics,"pune, maharashtra","india, maharashtra, pune",,
quick turtle,vp / avp / dvp pcg ( pvt client group ) advisor - partner alliance,"thiruvananthapuram, kerala","india, kerala, thiruvananthapuram",,
quick turtle,vp / avp / dvp pcg ( pvt client group ) advisor - partner alliance,"pune, maharashtra","india, maharashtra, pune",,
quick turtle,vp / avp / dvp pcg ( pvt client group ) advisor - partner alliance,"kolkata, west bengal","india, west bengal, kolkata",,
quick turtle,vp / avp / dvp pcg ( pvt client group ) advisor - partner alliance,"navi mumbai, maharashtra","india, maharashtra, navi mumbai",,
quick turtle,vp / avp / dvp pcg ( pvt client group ) advisor - partner alliance,"vadodara, gujarat","india, gujarat, vadodara",,
quick turtle,vp / avp / dvp pcg ( pvt client group ) advisor - partner alliance,"ernakulam, kerala","india, kerala, ernakulam",,
quick turtle,svp/vp/ avp/ relationship managers- pcg (private client group)advisory,"pune, maharashtra","india, maharashtra, pune",,
quick turtle,svp/vp/ avp/ relationship managers- pcg (private client group)advisory,"bangalore, karnataka","india, karnataka, bangalore",,
quick turtle,svp/vp/ avp/ relationship managers- pcg (private client group)advisory,"kolkata, west bengal","india, west bengal, kolkata",,
quick turtle,svp/vp/ avp/ relationship managers- pcg (private client group)advisory,"hyderabad, telangana","india, telangana, hyderabad",,
easebiz fintech solutions llp,executive assistant,"ahmedabad, gujarat","india, gujarat, ahmedabad",500000.0,600000.0
mashreq bank,vp tribe lead_agile squad mgmt reporting.corporate affairs-head,"bangalore, karnataka","india, karnataka, bangalore",,
deutsche bank,"privileged access management (pam) business requirements and product ownership support, vp",india,india,,
dc consultants,relationship manager/sr. relationship manager/ avp / vp (sales) - mutual funds,"mumbai, maharashtra","india, maharashtra, mumbai",,
indium software,netsuite developer,"chennai, tamil nadu","india, tamil nadu, chennai",500000.0,1100000.0
concentrix,"sr. manager, global analytic",india,india,,
sks enterpprises,leadership - trade credit,"delhi, india","india, delhi",,
showpad,analyst - partnerships,"pune, maharashtra","india, maharashtra, pune",,
bosch group,it service manager,"pune, maharashtra","india, maharashtra, pune",,
quick turtle,"vp/ avp/ dvp - pcg (pvt client group) advisor, b2b partner alliance","bangalore, karnataka","india, karnataka, bangalore",,
quick turtle,"vp/ avp/ dvp - pcg (pvt client group) advisor, b2b partner alliance","kolkata, west bengal","india, west bengal, kolkata",,
quick turtle,"vp/ avp/ dvp - pcg (pvt client group) advisor, b2b partner alliance","vadodara, gujarat","india, gujarat, vadodara",,
quick turtle,"vp/ avp/ dvp - pcg (pvt client group) advisor, b2b partner alliance","thiruvananthapuram, kerala","india, kerala, thiruvananthapuram",,
quick turtle,"vp/ avp/ dvp - pcg (pvt client group) advisor, b2b partner alliance","pune, maharashtra","india, maharashtra, pune",,
goldman sachs,corporate planning & management-bengaluru-support-divisional leadership,"bangalore, karnataka","india, karnataka, bangalore",,
talent leads consultants,"avp/vp – it infrastructure management (managing servers, networks, and cloud services), mumbai","mumbai, maharashtra","india, maharashtra, mumbai",,
quick turtle,"vp / avp / dvp - pcg (pvt client group) advisor, b2b partner alliance","navi mumbai, maharashtra","india, maharashtra, navi mumbai",,
quick turtle,"vp / avp / dvp - pcg (pvt client group) advisor, b2b partner alliance","pune, maharashtra","india, maharashtra, pune",,
quick turtle,"vp / avp / dvp - pcg (pvt client group) advisor, b2b partner alliance","thiruvananthapuram, kerala","india, kerala, thiruvananthapuram",,
quick turtle,"vp / avp / dvp - pcg (pvt client group) advisor, b2b partner alliance","bangalore, karnataka","india, karnataka, bangalore",,
quick turtle,"vp / avp / dvp - pcg (pvt client group) advisor, b2b partner alliance","kolkata, west bengal","india, west bengal, kolkata",,
quick turtle,"vp / avp / dvp - pcg (pvt client group) advisor, b2b partner alliance","vadodara, gujarat","india, gujarat, vadodara",,
post a resume,hiring sales head / gm / vp sales for a leading manufacturing industry - dubai location,"mumbai, maharashtra","india, maharashtra, mumbai",,
showpad,sales business partner,"pune, maharashtra","india, maharashtra, pune",,
ang placement & staffing solutions pvt ltd,neuro surgeon,"mohol, solapur","india, maharashtra, solapur, mohol",4500000.0,4500000.0
indus systems & services,sales account manager-mumbai,"nagardas road, mumbai","india, maharashtra, mumbai, nagardas road",1500000.0,2200000.0
colan infotech private limited,business development executive (us voice process),"chennai, tamil nadu","india, tamil nadu, chennai",,
genzeon global,uipath/automation practice director,"kyasaram, hyderabad","india, telangana, hyderabad, kyasaram",,
redfoxa careerlink pvt ltd,ai native operation expert- bpm,"mumbai, maharashtra","india, maharashtra, mumbai",2400000.0,3600000.0
phoenix mills,senior manager - leasing,"mumbai, maharashtra","india, maharashtra, mumbai",,
shikshakji.com,vice president - operations,"richmond town, bangalore","india, karnataka, bangalore, richmond town",2500000.0,3000000.0
acura solution,amazing opportunity into sales with a leading consulting firm,"mumbai, maharashtra","india, maharashtra, mumbai",,
tech first gulf,partner sales manager (ic) – it system integration ecosystem,"chandni chowk, north delhi","india, delhi, north delhi, chandni chowk",,
ameriprise,senior business program lead,india,india,,
real placements,hr adminstrator,"ahmedabad, gujarat","india, gujarat, ahmedabad",,
foriio,solution engineer,india,india,800000.0,2000000.0
acura solution,vice president – people & culture,"kanpur, kanpur dehat","india, uttar pradesh, kanpur dehat, kanpur",,
two95 international inc.,vice president - local engineering head / local cto,india,india,,
matellio india private limited,team lead/technical lead,"jaipur, rajasthan","india, rajasthan, jaipur",450000.0,1000000.0
amgen,sr associate r&d operations,"hyderabad, telangana","india, telangana, hyderabad",,
amgen,sr associate r&d operations,"hyderabad, telangana","india, telangana, hyderabad",,
topcoder,sap hcm time management consultant,"noida, ghaziabad","india, uttar pradesh, ghaziabad, noida",,
matellio india private limited,project manager,india,india,600000.0,1600000.0
adci - blr 14 sez,"program manager, rbs speg ude","bangalore, karnataka","india, karnataka, bangalore",,
neugene international inc,opportunity for entrepreneurship: for hr consulting services (with large mnc) ref: nii-jp/2603/06-vp,"kolkata, west bengal","india, west bengal, kolkata",,
neugene international inc,opportunity for entrepreneurship: for hr consulting services (with large mnc) ref: nii-jp/2603/06-vp,"bangalore, karnataka","india, karnataka, bangalore",,
neugene international inc,opportunity for entrepreneurship: for hr consulting services (with large mnc) ref: nii-jp/2603/06-vp,"pune, maharashtra","india, maharashtra, pune",,
neugene international inc,opportunity for entrepreneurship: for hr consulting services (with large mnc) ref: nii-jp/2603/06-vp,"bangalore, karnataka","india, karnataka, bangalore",,
neugene international inc,opportunity for entrepreneurship: for hr consulting services (with large mnc) ref: nii-jp/2603/06-vp,"gurgaon, haryana","india, haryana, gurgaon",,
neugene international inc,opportunity for entrepreneurship: for hr consulting services (with large mnc) ref: nii-jp/2603/06-vp,"navi mumbai, maharashtra","india, maharashtra, navi mumbai",,
neugene international inc,opportunity for entrepreneurship: for hr consulting services (with large mnc) ref: nii-jp/2603/06-vp,"kolkata, west bengal","india, west bengal, kolkata",,
neugene international inc,opportunity for entrepreneurship: for hr consulting services (with large mnc) ref: nii-jp/2603/06-vp,"navi mumbai, maharashtra","india, maharashtra, navi mumbai",,
neugene international inc,opportunity for entrepreneurship: for hr consulting services (with large mnc) ref: nii-jp/2603/06-vp,"pune, maharashtra","india, maharashtra, pune",,
r1 rcm,associate director - strategy,"bangalore, karnataka","india, karnataka, bangalore",,
r1 rcm,associate director - strategy,"chennai, tamil nadu","india, tamil nadu, chennai",,
r1 rcm,associate director - strategy,india,india,,
r1 rcm,associate director - strategy,"hyderabad, telangana","india, telangana, hyderabad",,
r1 rcm,associate director - strategy,"noida, ghaziabad","india, uttar pradesh, ghaziabad, noida",,
adidas,senior director supply chain india,"gurgaon, haryana","india, haryana, gurgaon",,
sysintelli inc,vice president of sales -medical devices,"hyderabad, telangana","india, telangana, hyderabad",,
neural concept,solutions engineer,"pune, maharashtra","india, maharashtra, pune",,
miracle hr solution,sales executive / officer (after market),india,india,,
mumbai rozgaar,marketing manager,"mumbai, maharashtra","india, maharashtra, mumbai",,
alke research private limited,senior clinical research assistant / lead cra,"bangalore, karnataka","india, karnataka, bangalore",0.0,1000000.0
universal aviation,marketing executive,"mini sectt., gurgaon","india, haryana, gurgaon, mini sectt.",500000.0,700000.0
jade global,business development manager,"hyderabad, telangana","india, telangana, hyderabad",,
hsbc,management trainee - cs intern,"mumbai, maharashtra","india, maharashtra, mumbai",,
arista networks,account manager-bfsi,"mumbai, maharashtra","india, maharashtra, mumbai",,
talent vertex partners,dcs engineers,"kumbalgodu, bangalore","india, karnataka, bangalore, kumbalgodu",,
logic planet,executive assistant,"bangalore, karnataka","india, karnataka, bangalore",,
central business solutions,senior sales manager,india,india,,
amgen,"executive director, site head, amgen genome valley (agv)","hyderabad, telangana","india, telangana, hyderabad",,
mufg global service ,avp - global kyc planning,"bangalore, karnataka","india, karnataka, bangalore",,
mastech digital inc,senior inside sales executive,india,india,,
tigi hr solution pvt. ltd.,manager,"mumbai, maharashtra","india, maharashtra, mumbai",500000.0,1500000.0
hunarstreet technologies pvt ltd,sales associate,"mumbai, maharashtra","india, maharashtra, mumbai",300000.0,500000.0
br raysoft global private limited,""" pt with j meter load runner groovy bangalore","bangalore, karnataka","india, karnataka, bangalore",,
vmultiply solutions,backend dotnet developer,"hyderabad, telangana","india, telangana, hyderabad",500000.0,1500000.0
dynamisch it pvt ltd,executive - international business development.,"pune, maharashtra","india, maharashtra, pune",100000.0,100000.0
deutsche bank,fxpd,india,india,,
deutsche bank,client implementation specialist,"bangalore, karnataka","india, karnataka, bangalore",,
social links llc,presale engineer,"delhi, india","india, delhi",,
br raysoft global private limited,mstr looker google kubernet,"chennai, tamil nadu","india, tamil nadu, chennai",,
the nielsen company,ai architect [lead software engineer],"bangalore, karnataka","india, karnataka, bangalore",,
the nielsen company,ai architect [lead software engineer],"mumbai, maharashtra","india, maharashtra, mumbai",,
qrata,engineering lead,"mumbai, maharashtra","india, maharashtra, mumbai",,
adci hyd 20 sez - h94,"senior program manager iii, selling partner trust and store integrity (tsi)","hyderabad, telangana","india, telangana, hyderabad",,
vinayak outsourcing works,head mines iron ore mine,"durg, chhattisgarh","india, chhattisgarh, durg",,
teradata,pricing analyst,india,india,,
talentxo,head of engineering,india,india,4000000.0,5000000.0
teradata,pricing analyst,india,india,,
r3 consultant,senior sales manager - real estate,"kolkata, west bengal","india, west bengal, kolkata",3000000.0,4000000.0
people first consultants pvt ltd,application support engineer l2 l3 support payments domain remote,india,india,,
sdp hr solution,dcs supervisor / executive - production,"bharuch, gujarat","india, gujarat, bharuch",,
vinayak outsourcing works,customer relationship manager (crm) - raipur,"raipur, chhattisgarh","india, chhattisgarh, raipur",,
m&g global services,assistant vice president - business solutions - middle office onboarding,india,india,,
br raysoft global private limited,full stack developer mobile apps 6 month c2h pune,"pune, maharashtra","india, maharashtra, pune",,
bullsurge,lead java developer - founding team(remote),india,india,800000.0,1500000.0
multi recruit,customer success lead,"bangalore, karnataka","india, karnataka, bangalore",0.0,1000000.0
vinayak outsourcing works,customer relationship manager (crm) - mahasamund,"mahasamund, chhattisgarh","india, chhattisgarh, mahasamund",,
dc consultants,senior project coordinator - real estate industry (developer) - borivali (w),"mumbai, maharashtra","india, maharashtra, mumbai",,
vinayak outsourcing works,head - purchase,"visakhapatnam, andhra pradesh","india, andhra pradesh, visakhapatnam",,
teradata,pricing analyst,india,india,,
michael page international recruitment pvt ltd,assistant vice president vice president performance marketing fashion marketplace,india,india,,
recex,project manager,"ahmedabad, gujarat","india, gujarat, ahmedabad",,
adci hyd 13 sez,technical program manager iii,"hyderabad, telangana","india, telangana, hyderabad",,
dc consultants,assistant. manager strategy(business analyst)-goregaon-e(mumbai),"mumbai, maharashtra","india, maharashtra, mumbai",,
talent leads consultants,vice president- marketing (pressure vessels) -(pressure vessel/ heat exchanger/ gas turbine),"noida, ghaziabad","india, uttar pradesh, ghaziabad, noida",,
instead,senior staff accountant (blr),"bangalore, karnataka","india, karnataka, bangalore",,
thb software solutions pvt ltd,business development manager (new client aquisition),"bangalore, karnataka","india, karnataka, bangalore",200000.0,300000.0
primenumbers technologies,inside sales business development manager,"bangalore, karnataka","india, karnataka, bangalore",1000000.0,1200000.0
br raysoft global private limited,staff java developer bangalore 1 year c2h 27 may,"bangalore, karnataka","india, karnataka, bangalore",,
naukripay,vice president ( delhi ),"shakti nagar, north delhi","india, delhi, north delhi, shakti nagar",,
acura solution,idfc-regional head/ commercial credit card / chennai & mumbai,india,india,,
r3 consultant,vice president/ assistant vice president,"kolkata, west bengal","india, west bengal, kolkata",4000000.0,5000000.0
wabtec,director -field services,"rohtak, haryana","india, haryana, rohtak",,
time inc. india,senior peoplesoft financial analyst,"bangalore, karnataka","india, karnataka, bangalore",500000.0,1100000.0
bajaj finserv,area manager - rural consumer durable/senior area manager - rural consumer durable,"rajkot, gujarat","india, gujarat, rajkot",,
bajaj finance limited,area manager - rural consumer durable/senior area manager - rural consumer durable,india,india,,
lytegen,executive head hunter,india,india,,
"nextpower, usa","senior director, supply chain – asia pacific",india,india,,
alstom transportation,hiring for execuitve assistant,"bangalore, karnataka","india, karnataka, bangalore",,
tigi hr solution pvt. ltd.,chartered accountant,"navi mumbai, maharashtra","india, maharashtra, navi mumbai",500000.0,1500000.0
zinca advisory,associate/ sr. associate - fdd,"mini sectt., gurgaon","india, haryana, gurgaon, mini sectt.",,
pepsico,executive manager - performance & reporting,"hyderabad, telangana","india, telangana, hyderabad",,
kotak mahindra bank,relationship manager - agri finance-agri-fin-corporate(corp)-marketing branches operations,"mumbai, maharashtra","india, maharashtra, mumbai",,
recex,"manager/ sr manager – bopet films.-jasola, delhi.",india,india,,
instrumentation and control solutions,personal assistant to director,"indore, madhya pradesh","india, madhya pradesh, indore",,
talisman hr solutions,we are hiring for avp business development – railway for industrial manufacturing industry,"navi mumbai, maharashtra","india, maharashtra, navi mumbai",,
lisa hr consultancy,hiring for debt syndication & credit analyst in mumbai,"navi mumbai, maharashtra","india, maharashtra, navi mumbai",,
talent pro,"manager -enterprise customer success (b2b saas, usa)","bangalore, karnataka","india, karnataka, bangalore",3000000.0,4500000.0
vertafore,"sr. manager, sre (sre, sli/ slo, monitoring, automation,","kyasaram, hyderabad","india, telangana, hyderabad, kyasaram",,
odcem technologies,enterprise sales manager,"bangalore, karnataka","india, karnataka, bangalore",0.0,1400000.0
sks enterpprises,head of product,"bangalore, karnataka","india, karnataka, bangalore",,
people first,application support engineer l2/l3 support|,"bangalore, karnataka","india, karnataka, bangalore",,
br raysoft global private limited,ai ml with power bi 6 month c2h remote,india,india,,
pidilite industries,manager - product specialist large waterproofing,india,india,,
globallogic inc,director engineering,"noida, ghaziabad","india, uttar pradesh, ghaziabad, noida",,
barclays,engineering manager,india,india,,
showpad,partner enablement lead,"pune, maharashtra","india, maharashtra, pune",,
zensar technologies,managing consultant - cpg,"karnataka, india","india, karnataka",,
roambee,global finance manager,"mumbai, maharashtra","india, maharashtra, mumbai",1500000.0,2000000.0
ryan,privacy compliance paralegal,india,india,,
one health assist,head of software engineering,india,india,,
pilot thomas logistics,software technical consultant,india,india,,
pilot thomas logistics,software technical consultant,india,india,,
amazon,technical program manager iii,"hyderabad, telangana","india, telangana, hyderabad",,
amazon,technical program manager iii,india,india,,
tech tammina,business development manager,"hyderabad, telangana","india, telangana, hyderabad",,
talent pro,"enterprise account manager (b2b saas, usa)","bangalore, karnataka","india, karnataka, bangalore",2700000.0,4000000.0
connectedh,full stack developer cum tech head,"delhi, india","india, delhi",1400000.0,1800000.0
mnr solutions,product manager,"mumbai, maharashtra","india, maharashtra, mumbai",600000.0,1000000.0
n human resources & management systems,vice president-marketplace & quick commerce,"kyasaram, hyderabad","india, telangana, hyderabad, kyasaram",,
topcoder,senior atlassian solutions architect,"noida, ghaziabad","india, uttar pradesh, ghaziabad, noida",,
applexus technologies,cellular virtual platform developer,"bangalore, karnataka","india, karnataka, bangalore",,
pepsico,executive assistant,"hyderabad, telangana","india, telangana, hyderabad",,
binaryfolks pvt ltd,sr. business development manager,"kolkata, west bengal","india, west bengal, kolkata",200000.0,1200000.0
mobishastra technologies pvt ltd,business development executive,"delhi, india","india, delhi",0.0,240000.0
startup login,sr. python developer,"hyderabad, telangana","india, telangana, hyderabad",2000000.0,5500000.0
smartworks,project controller,"gurgaon, haryana","india, haryana, gurgaon",,
br raysoft global private limited,python open cv image processing ai developer,india,india,,
apex group,"sr. specialist, trade enablement",india,india,,
rxlogix corporation,principal engineer – it qa & csv,"noida, ghaziabad","india, uttar pradesh, ghaziabad, noida",,
,cfo financial services,india,india,,
exl,2252750-manager,india,india,,
adci - karnataka,"sr. technical program manager, strategic programs, prism, last mile delivery tech","bangalore, karnataka","india, karnataka, bangalore",,
apex group,market data enablement manager,india,india,,
gruve,senior manager business development- cybersecurity,"mumbai, maharashtra","india, maharashtra, mumbai",,
barclays,engineering lead,india,india,,
xponentiate,vice president - founding investment team - healthcare,india,india,,
hypersonix,senior technical customer success manager (csm),"bangalore, karnataka","india, karnataka, bangalore",,
xponentiate,vice president - founding investment team - healthcare,india,india,,
yes bank limited,regulatory reporting officer - compliance & processes,"navi mumbai, maharashtra","india, maharashtra, navi mumbai",,
taskus,engagement lead,"navi mumbai, maharashtra","india, maharashtra, navi mumbai",,
exl,vice president 1,"bangalore, karnataka","india, karnataka, bangalore",,
aitrillion,enterprise sales manager (outbound) i global,india,india,1000000.0,2500000.0
aitrillion,partner head- india (saas),india,india,1000000.0,2500000.0
talent pro,head of engineering,"kolkata, west bengal","india, west bengal, kolkata",4000000.0,5100000.0
exl,4584093-vice president 1,"noida, ghaziabad","india, uttar pradesh, ghaziabad, noida",,
hdfc bank,lead azure data engineer,india,india,,
regilientai,business development executive,"bangalore, karnataka","india, karnataka, bangalore",360000.0,400000.0
logic planet,aiml project manager,"noida, ghaziabad","india, uttar pradesh, ghaziabad, noida",,
talent leads consultants,"export/import trade finance operations executive , nariman point, mumbai","mumbai, maharashtra","india, maharashtra, mumbai",,
quality hr india,manager - qc,"diu, daman and diu","india, daman and diu, diu",,
talent leads consultants,"asst manager -fixed income and money market operations , hyderabad","secunderabad, hyderabad","india, telangana, hyderabad, secunderabad",,
genetic callnet,plant hr & ir,"hyderabad, telangana","india, telangana, hyderabad",2000000.0,2500000.0
dws group gmbh,senior risk manager portfolio risk monitoring,"pune, maharashtra","india, maharashtra, pune",,
gruve,senior manager business development- cybersecurity,"delhi, india","india, delhi",,
amazon,"senior program manager iii, selling partner trust and store integrity (tsi)",india,india,,
arista networks,strategic account manager – north india (enterprise & mid-market customers),"delhi, india","india, delhi",,
activate talent,demand planner & bi lead,india,india,,
redfoxa careerlink pvt ltd,ai native operations expert,"koramangala, bangalore","india, karnataka, bangalore, koramangala",2400000.0,3600000.0
google inc,"principal architect, banking and financial services, google cloud","mumbai, maharashtra","india, maharashtra, mumbai",,
br raysoft global private limited,java j2ee web api developer 6 month c2h ban 05 may,"bangalore, karnataka","india, karnataka, bangalore",,
ltm,validation engineer,"bangalore, karnataka","india, karnataka, bangalore",,
merito,quality analyst,"mumbai, maharashtra","india, maharashtra, mumbai",1000000.0,1800000.0
intellisoft,inside sales representative,"hyderabad, telangana","india, telangana, hyderabad",,
vinayak outsourcing works,"sales head for real estate - raipur , chhattisgarh","raipur, chhattisgarh","india, chhattisgarh, raipur",,
br raysoft global private limited,qa adobe ajo aco tester 27 may,india,india,,
quality hr india,executive/sr. executive - process automation,india,india,,
r3 consultant,project head,"kolkata, west bengal","india, west bengal, kolkata",2500000.0,3500000.0
financial services,sr. training manager_ siliguri_ hdfc,india,india,,
hilton,finance manager,"goa, india","india, goa",,
hilton,manager accounting,"bangalore, karnataka","india, karnataka, bangalore",,
hilton,financial controller,"guwahati, kamrup","india, assam, kamrup, guwahati",,
hilton,manager accounting,india,india,,
hilton,finance manager,india,india,,
hilton,financial controller,india,india,,
jp morgan services india private limited,business user acceptance testing manager,india,india,,
sourceright,computer system validation csv engineer,india,india,,
alphabet inc,strategic business partner extended workforce solutions,india,india,,
merito,vice president - product management,india,india,4000000.0,6000000.0
amazon,"senior program manager iii, selling partner trust and store integrity (tsi)","bangalore, karnataka","india, karnataka, bangalore",,
amazon,"senior program manager iii, selling partner trust and store integrity (tsi)","hyderabad, telangana","india, telangana, hyderabad",,
openfx,executive assistant to cto,"bangalore, karnataka","india, karnataka, bangalore",,
usv,site ehs head (api plant),india,india,,
recex,chief of staff to the founder,"kolkata, west bengal","india, west bengal, kolkata",600000.0,600000.0
aviation indeed,safety and compliance officer,india,india,,
lincode labs india pvt ltd,business analyst,"bangalore, karnataka","india, karnataka, bangalore",400000.0,800000.0
gradientm it consulting and services,lead architect,"bangalore, karnataka","india, karnataka, bangalore",1500000.0,2500000.0
ltm,data governance consultant,"kolkata, west bengal","india, west bengal, kolkata",,
hunarstreet technologies pvt ltd,sales assoicate,"mumbai, maharashtra","india, maharashtra, mumbai",500000.0,800000.0
netcom learning,vice president of digital marketing,"kolkata, west bengal","india, west bengal, kolkata",,
netcom learning,vice president of digital marketing,"pune, maharashtra","india, maharashtra, pune",,
netcom learning,vice president of digital marketing,"bangalore, karnataka","india, karnataka, bangalore",,
stats perform,controller executive,india,india,,
intelex technologies ulc,"sr. manager, software engineering","papum pare, arunachal pradesh","india, arunachal pradesh, papum pare",,
indiamart intermesh limited,technical leadership || service oriented architecture,"noida, ghaziabad","india, uttar pradesh, ghaziabad, noida",,
matellio india private limited,sales head - it domain,"jaipur, rajasthan","india, rajasthan, jaipur",1500000.0,3000000.0
firsthive,ux designer - wireframe,"bangalore, karnataka","india, karnataka, bangalore",400000.0,600000.0
unnati,asst mgr/ manager-business development,"bangalore, karnataka","india, karnataka, bangalore",800000.0,1200000.0
vaisansar technologies pvt ltd,sales lead generation specialist,"mumbai, maharashtra","india, maharashtra, mumbai",100000.0,300000.0
mantras2success,talent acquisition expert,"ahmedabad, gujarat","india, gujarat, ahmedabad",,
gsk,data & ai security product owner (delivery lead),india,india,,
flexera software,"senior director, product - finops","bangalore, karnataka","india, karnataka, bangalore",,
citigroup,application development devops manager,"pune, maharashtra","india, maharashtra, pune",,
shri educare limited,college & career counselor - senior executive or assistant manager,"dlf ph, gurgaon","india, haryana, gurgaon, dlf ph",,
harris,sr. manager client technology,"vadodara, gujarat","india, gujarat, vadodara",,
yokogawa,system sales,india,india,,
impact guru,digital marketing manager,"mumbai, maharashtra","india, maharashtra, mumbai",600000.0,1200000.0
unnati,associate-collections/ portfolio monitoring,"bangalore, karnataka","india, karnataka, bangalore",0.0,1000000.0
unnati,manager - growth,"bangalore, karnataka","india, karnataka, bangalore",500000.0,1200000.0
bny mellon,"senior vice president, pom product management",india,india,,
peoplegroup,senior manager - online marketing,"mumbai, maharashtra","india, maharashtra, mumbai",,
apnabusinez.com,business development manager (bdm),"bangalore, karnataka","india, karnataka, bangalore",,
talent leads consultants,"manager/deputy manager- mutual fund brokerage/distributor operations / rta services, mumbai","mumbai, maharashtra","india, maharashtra, mumbai",,
citigroup,cash & trade proc lead analyst - vice president,"mumbai, maharashtra","india, maharashtra, mumbai",,
exl,senior assistant vice president - enterprise application delivery,"noida, ghaziabad","india, uttar pradesh, ghaziabad, noida",,
bny mellon,"vice president, production services infrastructure support",india,india,,
exl,4854082-manager,india,india,,
exl,3642375-manager,india,india,,
amazon,"sr. technical program manager, strategic programs, prism, last mile delivery tech","bangalore, karnataka","india, karnataka, bangalore",,
citigroup,institutional credit management - underwriter - vice president,"mumbai, maharashtra","india, maharashtra, mumbai",,
goldman sachs,"global banking & markets, equities l1/ l2 production support, associate/ vice president, mumbai","mumbai, maharashtra","india, maharashtra, mumbai",,
aws india - maharashtra - d03,"principal bd - supplychain & logistics, aws industry business development","mumbai, maharashtra","india, maharashtra, mumbai",,
teradata,"director, product management - analytics platform","hyderabad, telangana","india, telangana, hyderabad",,
amazon pay  private limited,sr. manager - pay on delivery,"bangalore, karnataka","india, karnataka, bangalore",,
zoom,senior data scientist,india,india,,
adci - karnataka - a66,"risk manager iii, res-q - risk mitigation, escalation reduction, and quality assurance",india,india,,
r3 consultant,sox compliance analyst,"pune, maharashtra","india, maharashtra, pune",1500000.0,2000000.0
fico,customer engineering director,"bangalore, karnataka","india, karnataka, bangalore",,
nalanda academy of science and technical education,principal - icbse 26-27,"tadepalle, guntur","india, andhra pradesh, guntur, tadepalle",90000.0,8000000.0
msmex,engineering head,"pune, maharashtra","india, maharashtra, pune",3000000.0,4000000.0
hypersonix,senior technical customer success manager (csm),india,india,,
zeal consultants,java engineering manager - software product development,"bangalore, karnataka","india, karnataka, bangalore",1000000.0,1500000.0
technovert,inside sales executive,"hyderabad, telangana","india, telangana, hyderabad",300000.0,600000.0
acura solution,global payments / implementation specialist / bangalore,"bangalore, karnataka","india, karnataka, bangalore",,
growfin.ai,business development - us,"chennai, tamil nadu","india, tamil nadu, chennai",,
nomura,associate,"mumbai, maharashtra","india, maharashtra, mumbai",,
adci - blr 14 sez,"business intel engineer ii, ww stores ipat - swift","bangalore, karnataka","india, karnataka, bangalore",,
adidas,specialist - general ledger,"chennai, tamil nadu","india, tamil nadu, chennai",,
mspire ventures,we are hiring international sales mnager in ahmedabad,"ahmedabad, gujarat","india, gujarat, ahmedabad",,
recex,vice president - sales & marketing,"rajkot, gujarat","india, gujarat, rajkot",,
mancraft consulting,avp performance marketing,"gurgaon, haryana","india, haryana, gurgaon",,
recex,vice president-finance,"kolkata, west bengal","india, west bengal, kolkata",,
paradise placement consultancy,qms / ea executive,"aurangabad, maharashtra","india, maharashtra, aurangabad",,
r3 consultant,sr. accountant - us gaap,"jaipur, rajasthan","india, rajasthan, jaipur",,
unnati,manager - partnerships,"bangalore, karnataka","india, karnataka, bangalore",0.0,1200000.0
unnati,graphic designer,"bangalore, karnataka","india, karnataka, bangalore",0.0,800000.0
unnati,investment operations management,"bangalore, karnataka","india, karnataka, bangalore",0.0,1500000.0
solulab inc,react.js developer,india,india,0.0,720000.0
systechcorp inc,non_it - hr admin _ non it,"kolkata, west bengal","india, west bengal, kolkata",,
systechcorp inc,non_it - hr admin _ non it,"bangalore, karnataka","india, karnataka, bangalore",,
systechcorp inc,non_it - hr admin _ non it,"kolkata, west bengal","india, west bengal, kolkata",,
systechcorp inc,non_it - hr admin _ non it,"pune, maharashtra","india, maharashtra, pune",,
systechcorp inc,non_it - hr admin _ non it,"bangalore, karnataka","india, karnataka, bangalore",,
systechcorp inc,non_it - hr admin _ non it,"hyderabad, telangana","india, telangana, hyderabad",,
microland,senior director - strategic alliances,"bangalore, karnataka","india, karnataka, bangalore",,
origin,mean stack or angular developer,india,india,,
microland,senior director - strategic alliances,"bangalore, karnataka","india, karnataka, bangalore",,
arque capital,technical architect/cto,"mumbai, maharashtra","india, maharashtra, mumbai",1500000.0,3000000.0
expertiz,manager / sr. manager bd & cs - btl - experiential,"mumbai, maharashtra","india, maharashtra, mumbai",,
propellum infotech,global sales executive,"mumbai, maharashtra","india, maharashtra, mumbai",600000.0,800000.0
credos talent,engineering manager,"bangalore, karnataka","india, karnataka, bangalore",4000000.0,5000000.0
nimesa,business development associate,"bangalore, karnataka","india, karnataka, bangalore",300000.0,500000.0
somewhere,su - chief technology officer (cto),india,india,,
kotak mahindra bank,product manager-sme platform-wbg ho / ipo / cip-sme platform,"mumbai, maharashtra","india, maharashtra, mumbai",,
technovert,sr. business development executive- inside sales,"hyderabad, telangana","india, telangana, hyderabad",400000.0,700000.0
the search house,lead generation executives-email process-international bpo,"bangalore, karnataka","india, karnataka, bangalore",,
sequoiaat india private limited,java engineer,"chennai, tamil nadu","india, tamil nadu, chennai",300000.0,800000.0
nextgen invent corporation,data scientist,india,india,300000.0,2000000.0
adecco,senior technical lead - data platforms (insurance domain),"bangalore, karnataka","india, karnataka, bangalore",,
systechcorp inc,non_it - hr admin _ non it,"pune, maharashtra","india, maharashtra, pune",,
amazon,"senior product manager, row upb supplychain",india,india,,
r3 consultant,data operation specialist,"jaipur, rajasthan","india, rajasthan, jaipur",600000.0,1000000.0
moengage,associate director - finance,india,india,,
amazon development centre  private limited - s55,"executive assistant , retail business services","chennai, tamil nadu","india, tamil nadu, chennai",,
poputrust,software engineer @poputrust - develop peoplesearch software,"delhi, india","india, delhi",,
hinge health,lead data analyst,india,india,,
blackrock,"quantitative researcher (model portfolio solutions), multi-asset solutions (mass), vice president",india,india,,
blackrock,"quantitative researcher (model portfolio solutions), multi-asset solutions (mass), vice president",india,india,,
fortrea,"executive director, enterprise architecture (remote)",india,india,,
mastercard,"vice president, platform architecture","pune, maharashtra","india, maharashtra, pune",,
cai world-wide,director of customer experience,"immedihalli, bangalore","india, karnataka, bangalore, immedihalli",,
unnati,manager operations,"bangalore, karnataka","india, karnataka, bangalore",0.0,1200000.0
unnati,data scientist,"bangalore, karnataka","india, karnataka, bangalore",0.0,1200000.0
unnati,product designer,"bangalore, karnataka","india, karnataka, bangalore",0.0,800000.0
unnati,data analyst - underwriting & risk,"bangalore, karnataka","india, karnataka, bangalore",500000.0,1500000.0
unnati,founders staff,"bangalore, karnataka","india, karnataka, bangalore",1000000.0,2500000.0
dyd,head automobile service,india,india,1000000.0,1500000.0
unnati,backend engineer,"bangalore, karnataka","india, karnataka, bangalore",500000.0,1500000.0
staffchief consultants,software engineer,"ahmedabad, gujarat","india, gujarat, ahmedabad",180000.0,2200000.0
adci - karnataka,"software development engineer, buyer safety experience","bangalore, karnataka","india, karnataka, bangalore",,
digital twin,financial planning & analysis manager,"pune, maharashtra","india, maharashtra, pune",,
digital twin,accounts payable-lead,"pune, maharashtra","india, maharashtra, pune",,
talent pro,senior brand manager,india,india,2400000.0,2800000.0
zycus,director of engineering,"mumbai, maharashtra","india, maharashtra, mumbai",,
modern vr security force,vice president human resources (mumbai) male requre security industry,"mumbai, maharashtra","india, maharashtra, mumbai",1000000.0,1500000.0
merito,sr.devops engineer,"bangalore, karnataka","india, karnataka, bangalore",3000000.0,5000000.0
orios venture partners,senior executive - accounts & finance,"mumbai, maharashtra","india, maharashtra, mumbai",0.0,1000000.0
urbanrise,general manager - sales training,"chennai, tamil nadu","india, tamil nadu, chennai",1500000.0,2000000.0
oasys tech solutions,business development manager,"bangalore, karnataka","india, karnataka, bangalore",,
hunarstreet technologies pvt ltd,product marketing manager (saas),india,india,2000000.0,3500000.0
exl,senior executive-business process & service excellence -quality excellence,"pune, maharashtra","india, maharashtra, pune",,
talent leads consultants,sr manager/ manager- digital technology for amc,"mumbai, maharashtra","india, maharashtra, mumbai",,
staffnixcom,senior enterprise customer success manager (cpaas / b2b saas),"bangalore, karnataka","india, karnataka, bangalore",1500000.0,2100000.0
mspire ventures,we are hiring senior sales manager in ahmedabad,"ahmedabad, gujarat","india, gujarat, ahmedabad",,
instrumentation and control solutions,csv engineer,"panaji, north goa","india, goa, north goa, panaji",,
i2b technologies pvt ltd,functional/solution architect,"hyderabad, telangana","india, telangana, hyderabad",1500000.0,4000000.0
weekday ai,director - client solutions,india,india,,
neogencode technologies pvt ltd,chief technology officer (cto) â blockchain & web3,"bangalore, karnataka","india, karnataka, bangalore",1000000.0,8000000.0
unnati,lead - patron investor program,"bangalore, karnataka","india, karnataka, bangalore",600000.0,2000000.0
wandertrails services pvt ltd,software architect/cto,"bangalore, karnataka","india, karnataka, bangalore",2400000.0,4200000.0
unnati,frontend developer,"bangalore, karnataka","india, karnataka, bangalore",800000.0,1500000.0
unnati,manager â growth,"bangalore, karnataka","india, karnataka, bangalore",600000.0,1500000.0
unnati,associate product manager,"bangalore, karnataka","india, karnataka, bangalore",0.0,1000000.0
unnati,sr test engineer,"bangalore, karnataka","india, karnataka, bangalore",800000.0,1000000.0
threado,senior backend engineer,"bangalore, karnataka","india, karnataka, bangalore",4000000.0,6000000.0
mitsubishi ufj financial group,legal counsel - manager,india,india,,
jones lang lasalle jll,"senior manager, software engineering","bangalore, karnataka","india, karnataka, bangalore",,
stats perform,solution architect,"bangalore, karnataka","india, karnataka, bangalore",,
trimble,field systems finance dx specialist,"navi mumbai, maharashtra","india, maharashtra, navi mumbai",,
deutsche bank,clearing and settlement analyst,"mumbai, maharashtra","india, maharashtra, mumbai",,
johnson controls,general manager- record to report,"pune, maharashtra","india, maharashtra, pune",,
target,sr program manager business transformation,"bangalore, karnataka","india, karnataka, bangalore",,
target,sr program manager business transformation,"bangalore, karnataka","india, karnataka, bangalore",,
target,sr program manager business transformation,"bangalore, karnataka","india, karnataka, bangalore",,
rxlogix corporation,director-it,"noida, ghaziabad","india, uttar pradesh, ghaziabad, noida",,
focaloid technologies private limited,inside sales manager,"bangalore, karnataka","india, karnataka, bangalore",1800000.0,2000000.0
oasys tech solutions,business development manager,"mumbai, maharashtra","india, maharashtra, mumbai",,
bullspree,engineering head,"ahmedabad, gujarat","india, gujarat, ahmedabad",1000000.0,4000000.0
iamneo,vice president - software engineering,"coimbatore, tamil nadu","india, tamil nadu, coimbatore",1500000.0,4000000.0
browserstack,sales manager,"mumbai, maharashtra","india, maharashtra, mumbai",,
unnati,senior manager- credit & risk,"bangalore, karnataka","india, karnataka, bangalore",0.0,1200000.0
bebetta,cto,"bangalore, karnataka","india, karnataka, bangalore",500000.0,1500000.0
worldhire,product marketing lead,india,india,,
"verint systems, inc.",senior director of software engineering & site lead,"bangalore, karnataka","india, karnataka, bangalore",,
sigmoid,technical project manager,"bangalore, karnataka","india, karnataka, bangalore",,
adecco,power bi & tableau admin,india,india,,
google,"product finance analyst, google cloud security","bangalore, karnataka","india, karnataka, bangalore",,
techbiz global gmbh,senior program manager,india,india,,
talent junction llp,avp/ general manager business development,india,india,,
aswani industries,dgm-r&d/r&d manager,"surat, gujarat","india, gujarat, surat",,
intel,india smg go-to-market/portfolio lead,"bangalore, karnataka","india, karnataka, bangalore",,
acura solution,investor relations- mumbai,"mumbai, maharashtra","india, maharashtra, mumbai",,
jpmorganchase,vice president - analytics solutions manager,"mumbai, maharashtra","india, maharashtra, mumbai",,
infor,"team lead, sales","bangalore, karnataka","india, karnataka, bangalore",,
talent leads consultants,"it - fms and windows server engineer, hyderabad (telgu)","secunderabad, hyderabad","india, telangana, hyderabad, secunderabad",,
sharp group,pc0672-recruiter,"teynampet south, chennai","india, tamil nadu, chennai, teynampet south",,
pidilite industries,senior manager - talent management,india,india,,
hpy,technical lead - 1,india,india,,
r3 consultant,lead graphic designer,india,india,1000000.0,1200000.0
r3 consultant,senior content writer,"jaipur, rajasthan","india, rajasthan, jaipur",1000000.0,1200000.0
r3 consultant,product manager,"jaipur, rajasthan","india, rajasthan, jaipur",3000000.0,3500000.0
genetic callnet,legal manager,"mumbai, maharashtra","india, maharashtra, mumbai",1000000.0,2500000.0
,software engineer,"chennai, tamil nadu","india, tamil nadu, chennai",,
appian corporation,distinguished engineer,"chennai, tamil nadu","india, tamil nadu, chennai",,
showpad,director gtm strategy,"pune, maharashtra","india, maharashtra, pune",,
compucom,sr. tvm & threat hunting engineer,"pune, maharashtra","india, maharashtra, pune",,
citigroup,vice president - consumer credit risk (rules build and testing),"pune, maharashtra","india, maharashtra, pune",,
jll,transactions management analyst - apac,india,india,,
accelya services india,vice president- software development,"mumbai, maharashtra","india, maharashtra, mumbai",,
neolytix,senior hr recruiter- us healthcare,"palam road, gurgaon","india, haryana, gurgaon, palam road",,
accorcorpo,director – design & technical services,india,india,,
cleo,sales development representative,"bangalore, karnataka","india, karnataka, bangalore",,
mpaani solutions pvt ltd,chief technical officer,"mumbai, maharashtra","india, maharashtra, mumbai",2000000.0,3000000.0
ares operations,"avp, fund accounting (alternative credit)","mumbai, maharashtra","india, maharashtra, mumbai",,
bayrocklabs open requisitions,client partner manager,"bangalore, karnataka","india, karnataka, bangalore",3000000.0,3500000.0
kroll,"senior consultant, transaction advisory services","delhi, india","india, delhi",,
hr jobs consultancy,associate vice president operations,india,india,,
mastercard,business analyst ii,"pune, maharashtra","india, maharashtra, pune",,
mastercard,business analyst ii (hyperion/essbase),"pune, maharashtra","india, maharashtra, pune",,
mastercard,business analyst ii-2,"pune, maharashtra","india, maharashtra, pune",,
the search house,"mall manager-leasing, operations, maintenence","delhi, india","india, delhi",,
merito,sr.devops engineer,"bangalore, karnataka","india, karnataka, bangalore",1500000.0,3500000.0
servicemaster india,inside sales executive,"delhi, india","india, delhi",350000.0,600000.0
impact guru,digital marketing manager/assistant manager,"mumbai, maharashtra","india, maharashtra, mumbai",300000.0,1200000.0
cleo,sales development representative,"bangalore, karnataka","india, karnataka, bangalore",,
citigroup,senior java software engineer vice president,"pune, maharashtra","india, maharashtra, pune",,
hart intercivic,proposals team manager,"roorkee, haridwar","india, uttarakhand, haridwar, roorkee",,
sigmoid,dataops lead,"bangalore, karnataka","india, karnataka, bangalore",,
adci - blr 14 sez - f07,"product manager- return defect eliminaiton , rbs return reduction","bangalore, karnataka","india, karnataka, bangalore",,
adci maa 15 sez,"sr. technical program manager, alexa excellence ai ops","chennai, tamil nadu","india, tamil nadu, chennai",,
exl,senior manager,"chennai, tamil nadu","india, tamil nadu, chennai",,
google,group ai strategy manager,"hyderabad, telangana","india, telangana, hyderabad",,
dentsu,director - data science,india,india,,
neural concept,product quality engineer & test automation,"pune, maharashtra","india, maharashtra, pune",,
ima india,general accountant,"vadodara, gujarat","india, gujarat, vadodara",,
ihg,assistant manager - finance,india,india,,
actide international,data scientist,"vadodara, gujarat","india, gujarat, vadodara",,
adci - blr 14 sez - f07,"business analyst ii, tse product analytics","bangalore, karnataka","india, karnataka, bangalore",,
raft global llp,cloud sales_mumbai,"mumbai, maharashtra","india, maharashtra, mumbai",2000000.0,2600000.0
boolean staffing recruitment solutions pvt ltd,senior manager - secondary logistics cfa,"mumbai, maharashtra","india, maharashtra, mumbai",3500000.0,4500000.0
r3 consultant,events & community marketing manager,"jaipur, rajasthan","india, rajasthan, jaipur",3000000.0,4000000.0
apac,business director,"mumbai, maharashtra","india, maharashtra, mumbai",,
alfa laval spiral,factory manager - dc pune,"dapodi, pune","india, maharashtra, pune, dapodi",,
revantage,accounts receivable manager,"bangalore, karnataka","india, karnataka, bangalore",,
innovapptive,l1 support lead,"kyasaram, hyderabad","india, telangana, hyderabad, kyasaram",,
dodge construction network,devops engineer,"kochi, ernakulam","india, kerala, ernakulam, kochi",,
unnati,full stack engineer,"bangalore, karnataka","india, karnataka, bangalore",750000.0,2000000.0
unnati,marketing lead,"bangalore, karnataka","india, karnataka, bangalore",1000000.0,1500000.0
kuliza,technical lead,india,india,600000.0,2100000.0
unnati,team lead - full stack,"bangalore, karnataka","india, karnataka, bangalore",1000000.0,3000000.0
zinq software labs,business development representative,"hyderabad, telangana","india, telangana, hyderabad",,
asspl - telangana,"sr. mgr. bie, last-mile ops, aop (analytics ops & programs)","hyderabad, telangana","india, telangana, hyderabad",,
shri educare limited,"academic coordinator primary and middle - the shri ram universal school, bengaluru","yelahanka, bangalore","india, karnataka, bangalore, yelahanka",,
sagility,associate director hrbp,india,india,,
hh global,bid manager,india,india,,
payoneer,early retention program manager,india,india,,
payoneer,early retention program manager,"bangalore, karnataka","india, karnataka, bangalore",,
snic solutions,solutions sales executive - india,"vijayanagar, bangalore","india, karnataka, bangalore, vijayanagar",,
loginext,associate vice president - human capital (talent acquisition),"vikhroli, mumbai","india, maharashtra, mumbai, vikhroli",,
myoperator - voicetree technologies,team lead - customer success - b2b saas,"noida, ghaziabad","india, uttar pradesh, ghaziabad, noida",800000.0,1200000.0
nextech electronics,technical marketing engineer,"bangalore, karnataka","india, karnataka, bangalore",,
unnati,digital marketing manager,"delhi, india","india, delhi",1000000.0,1500000.0
aimhighhr,engineering manager,"hyderabad, telangana","india, telangana, hyderabad",1500000.0,4000000.0
exl,1077752-vice president,"noida, ghaziabad","india, uttar pradesh, ghaziabad, noida",,
merito,product manager - insurtech,"mumbai, maharashtra","india, maharashtra, mumbai",1800000.0,3500000.0
loginext,associate vice president - human capital (talent acquisition),"mumbai, maharashtra","india, maharashtra, mumbai",2000000.0,4000000.0
talent junction llp,cloud sales dgm sr manager,india,india,,
amazon,"business intel engineer ii, ww stores ipat - swift","bangalore, karnataka","india, karnataka, bangalore",,
ness digital engineering,sr product and platform architect (l6a - 18 yrs),"bangalore, karnataka","india, karnataka, bangalore",,
growfin.ai,lead software engineer - backend,"chennai, tamil nadu","india, tamil nadu, chennai",,
phoenix mills,manager - projects,"mumbai, maharashtra","india, maharashtra, mumbai",,
growfin.ai,founder's office - strategy & operations,"chennai, tamil nadu","india, tamil nadu, chennai",,
trezix software private limited,sales development representative,"mumbai, maharashtra","india, maharashtra, mumbai",900000.0,1200000.0
pricewaterhousecoopers,manager - risk & reg - sales & trading operations,india,india,,
talent leads consultants,business development manager/ sales for consulting and hr tech services,india,india,,
clarivate,patent search senior analyst,india,india,,
recex,senior buyer/acm – home furnishing,"gurgaon, haryana","india, haryana, gurgaon",,
the citco group,"assistant vice president, fund accounting (real assets)","mumbai, maharashtra","india, maharashtra, mumbai",,
google,"head of strategy and operations, gtech ads ai programs","hyderabad, telangana","india, telangana, hyderabad",,
protonzone consulting,nejobs / marketing manager,india,india,,
glomopay,finops associate – payments operations & reconciliation,india,india,,
talent leads consultants,"chief technology officer (cto), ahmedabad","ahmedabad, gujarat","india, gujarat, ahmedabad",,
r3 consultant,hubspot specialist – marketing operations,"jaipur, rajasthan","india, rajasthan, jaipur",2000000.0,2200000.0
tekion,"director, gtm product management","bangalore, karnataka","india, karnataka, bangalore",,
tata aia life insurance,assistant vice president - enterprise computing,"mumbai, maharashtra","india, maharashtra, mumbai",,
"oaktree capital management, l.p.","assistant vice president, business resilience operations","hyderabad, telangana","india, telangana, hyderabad",,
amazon,"principal bd - supplychain & logistics, aws industry business development",india,india,,
